,2,3,4,5,6,7,8,9,10,11,12,13,14,15,16,17,18,19,20,21,22,23,24,25,26,27,28,29,30,31,1_B,1_M
0,0.9539552235659703,-2.094298102239941,1.1175923046319858,0.8496970240414654,1.4381995332326174,2.894329361520954,2.3646121608047084,2.312367622519858,1.9341907044398974,2.0778087253744646,2.2401092565909355,-0.5598141695597831,2.504288385645203,2.3371475635126138,-0.22088349084728182,1.1034342370603836,0.5302225430297905,0.5317461456397595,0.9765979670664298,0.7570712567027601,1.6825816458605376,-1.3771129834075109,2.090905689192316,1.8200390123340708,1.0979919686178308,2.2050216399668856,1.8411982075600701,2.0583560745254346,2.255536387203405,1.5934525243024333,0,1
1,1.669169805120183,-0.38408095697045763,1.5237228063507124,1.7507491374409976,-1.0084887995784357,-0.5997395189870875,-0.18902170013069686,0.362702776038665,-0.15598605475460756,-0.8407660296320228,0.34390943254444484,-0.8735345403562904,0.1267877046080922,0.622812043885228,-0.5903980037011364,-0.7145390736958258,-0.4478397639350789,0.14828722021976057,-0.7681858716454473,-0.14178625521789878,1.6041133537268666,-0.42555791799627113,1.3440302469263554,1.711696508514015,-0.551080460489524,-0.5465314749305294,-0.3108105136790719,0.8738198340616121,-0.39291119814610526,0.1321362021246327,0,1
2,1.425220645520297,0.4212716364717351,1.4071110781344442,1.40973556836979,0.7985424527591395,0.8273213838581244,1.134508044866312,1.8257750701678641,0.7289816999620115,-0.4011259122716985,1.0387815711478823,-0.7765264910434847,0.6704388909673775,1.0539894722332657,-0.29925581938272455,0.6494464636846672,0.10118923388294633,1.2629572949224304,0.16258171517668776,0.20917689956810837,1.3184082900606808,-0.09376569124103619,1.1616536854428066,1.2869251046480819,0.3335781863753589,0.8200540909026544,0.644620957710962,1.724179603664104,0.8418863524517485,0.06171131912811234,0,1
3,-0.8673470248104538,0.2199334881111867,-0.7007464367265098,-0.8550935745104493,3.189987674074754,3.0049678514043503,1.6615244139148948,1.2504807504600377,2.5471255695743644,4.558067580241592,0.17921682769979047,-0.10094779290468184,0.1483139099651994,-0.38975249336317097,0.6323991704361928,2.394619953320494,0.6104052769910437,0.9664364254680987,4.176449368917209,1.7755062053840025,-0.4239901968049332,0.05804490307621729,-0.39086298001159253,-0.6757939367777872,3.1421546671988203,3.357916650739143,1.7268026769817613,1.9404991941770187,5.170116468973774,4.239276253546709,0,1
4,1.5915496179747644,-1.1778623924608946,1.6121868760320188,1.670347564245347,0.12254121998603212,0.3514002607089091,1.1416946317169747,1.227671724568538,-0.1663164176501321,-0.5547351099036191,1.0786653752438737,-0.7867763981406869,1.0611166179804106,1.062850762740669,1.3815001419797819,-0.1316349504194327,0.6179224082999112,0.9943808005999204,-0.371447539051111,0.39293431651092603,1.1111715185281654,-1.4804067898501778,1.152969087276923,1.0564823187451058,0.03296602481933056,-0.44083507135200667,0.4139995680650917,0.5232329115061989,-0.9452076692130484,-0.4664753033457916,0,1
5,-0.5818156220969506,-0.8631268961731412,-0.5000938423130007,-0.6027989827585802,2.12146959646565,1.004694200972777,0.6601933127225875,0.6343836177685286,0.7909638773351597,1.7361606823655384,-0.3746866929781597,-0.5874523119111673,-0.4141154555353923,-0.3906170095102347,0.12880187864218345,0.3152750625695799,0.05664327057113908,-0.1668632326557854,0.07069409046137824,0.3817872673213801,-0.31131777733094423,-0.3723459571015637,-0.25972554770675516,-0.3767342317887759,1.8237556158030983,1.3967888147767684,1.0340233437995243,0.6962885839165306,1.3741513452934655,1.8624364524141432,0,1
6,1.0260311116295735,0.1273642244971419,0.9889172941864486,0.9578232776494092,-0.2896014670917651,-0.06656736773947944,0.12000153444779019,0.45976785288804717,-0.21796823212775585,-0.7414497380596604,0.011085963881343726,-0.8016021566205684,0.026942752100658152,0.18687977672833986,-0.8771337117163504,-0.6771280545089627,-0.3381453292797533,-0.3190048305957041,-0.78980648922552,-0.5988152719892823,1.1795797732088014,0.2395915931875722,1.181917747829867,1.1097937095137047,0.32498926747375784,-0.13868122199166416,0.315161829645433,0.9812336996956113,0.05493542217501665,-0.12902273898746405,0,1
7,-0.23252477994256737,0.3240739096769873,-0.19328436428192286,-0.323334204202664,1.474543685532247,0.9081050431380653,-0.10805282161323292,0.10115927914946835,1.1663003958725582,1.5216374925692364,0.48143979149613964,0.30355746932418715,0.3365537057475636,0.12312171088238953,0.5364009366879599,0.155519899555408,-0.2729968579362352,0.31595347101069127,-0.6633258763820941,0.4932577592168396,0.00859141367555958,0.3147143615095122,-0.05129519172555701,-0.10948938903263815,1.2354146710434426,0.49664607343141354,-0.19092399763300458,0.4202946236069496,0.24523446531466245,1.4076090830616148,0,1
8,-0.4293473973470214,0.5531828371217494,-0.30185390434534487,-0.4844145973980881,2.0851254441660205,1.4121248303846514,0.9967651302286145,0.9547237147335913,1.696592357842828,1.4395360248694156,-0.4716455960391045,-0.38282023807773957,-0.32755262973766275,-0.45264604306205763,-0.4311353601712808,0.3946470897633299,0.023512210357982292,-0.02869382228177757,0.04691141112329836,-0.06848596206239968,-0.30729376234973044,0.7200642989133132,-0.17866929815851137,-0.38068959303934946,1.4458431841326629,1.4841032351242438,1.0500387180804878,1.1721916830449424,1.9364635554730214,1.0212503499557042,0,1
9,-0.5790434725560424,1.0669422501796997,-0.443798525243078,-0.6061259444080556,1.4527371941524685,2.2269860892084004,1.4926396229243264,0.7494424817100939,0.5946869823201903,2.5704175315733817,-0.5015584491110983,0.7098930721061277,-0.4956402332708201,-0.4608589464591631,0.015177739681160018,2.2727813638065215,1.1900596245859365,0.29111402644907186,-0.3357735200439908,2.0700585354835197,-0.38777406197400827,2.2772966839201936,-0.4261803458861845,-0.42866984473108843,2.0900121017527225,4.45911233367408,3.639953530373395,1.3959705697824405,1.9192937169942559,5.926539075338347,0,1
10,0.407841764007134,0.8818037229516092,0.3093523952709563,0.2863315180636655,-1.2032934559044495,-0.8096014164643247,-0.834736528662722,-0.57348101999689,-1.1339270755309494,-0.8010395130030776,-0.21996503915750326,-0.04420723575945564,-0.30007236757965333,-0.10273313253801117,-0.9668369793171584,-0.9072058225081705,-0.6591546773954648,-0.7535398638955332,-0.6914326792361887,-0.30730304621418697,0.4371490091748393,1.2130574660260445,0.33082712757330696,0.32560034853044334,-0.7958646491851467,-0.7274791223611529,-0.7487166047328374,-0.41290876467900056,-0.109608863246482,-0.08794155723949408,0,1
11,0.3413101750253468,-0.35631017788624386,0.34554224195876326,0.2397540549710129,-0.11006135473159576,0.28817826648982525,-0.037624270476740364,0.2585415578008162,-0.052682425799360125,-0.29121588293161793,0.21428706923247276,-0.41411906153526745,0.2028164299119181,0.1922830026474882,-0.41854542787643056,0.6772519509181466,-0.1886379399145,0.05824423368389022,-0.09902775754219326,0.0649408388427714,0.6846259305194936,0.1801194015993699,0.6984751165956987,0.5818389686762897,0.1274441327369397,1.6035861261260518,0.39798419378412847,0.7992268718157794,1.0980031097599936,0.9038755449615034,0,1
12,1.2810688693930916,1.2428238510463858,1.5036173359685974,1.1879381250714436,-0.08825486335181848,2.3358684125857114,1.2435046121013598,1.4177469403310354,1.8584347098727156,1.9837893026859614,1.7604721297469004,4.313833621104511,3.640597225878891,1.5331475467433406,-1.246962972877576,2.818780022209388,1.5093984990774554,4.417566754248091,2.577604698870822,3.002357194972817,0.7932743350122684,0.5964247427167871,1.1384947570004507,0.6385898040106047,-1.4142668101004043,0.6235966451208347,0.2488124219100139,0.7350769242843633,0.21661806785005397,0.781610123092544,0,1
13,0.36071522181170146,1.0461141658665396,0.34956333603518663,0.2444672506411029,-1.0615512619358942,-0.22111002027501808,-0.03954069363691712,-0.056222999501879735,-0.03546515430681888,-1.2764334953294523,-0.13813447558124498,-0.24371435604428232,-0.09992445819548518,-0.18767184398702308,0.8398183049938504,0.20455866794899882,0.44057379186477835,1.1604945861057503,0.9528152877283496,-0.32081462098939423,-0.03567275111779297,0.2395915931875722,-0.01076706695143492,-0.14474369583122776,-1.0105876217251664,-0.513214130324256,-0.35382323317651604,-0.23164786642162735,-0.30849282562551095,-1.146760110624681,0,1
14,-0.2269804808607519,0.7360071327594884,-0.05656716568354007,-0.32222521698617235,1.0529515188565457,2.046100939081577,1.318963774033316,0.6181638660234621,0.7289816999620115,1.8275316706121114,-0.7955295913703454,-0.07715336571474815,-0.4855641371462167,-0.5630879808494498,-0.21144104162614427,1.6251662884231224,0.5658593136792365,0.5953972223289092,-0.14983620885536458,1.3988710585251019,-0.39984610691765005,0.9203916811051527,-0.10340278072085654,-0.45223004000624334,1.2225312926910417,2.8190947672790645,1.760663754032941,1.3929868512926071,0.8175624146068309,2.7769818079939586,0,1
15,-0.0024363680472204614,1.8769233068025946,0.06929307890850127,-0.0990415396672113,1.1111021625359523,0.820296717833782,0.7332569457043228,0.4506442425314473,1.5347500058129409,1.0263802519283887,-0.25262849940853077,-0.32607968093251377,-0.11091656305868894,-0.27477184580369435,-0.47016415028531655,0.7677461730052882,0.3542659879481517,-0.2398291010555423,-0.2622634202717432,0.5114983851633694,0.08907171329983779,1.7217012098725128,0.33951172573919014,-0.030038219564597107,1.3384816978626528,2.159641118865237,1.7986430701849394,0.6530246658139475,1.7075323757561536,2.336826289265705,0,1
16,0.03637372552548889,0.1620776983524085,-0.010726693212317466,-0.0277891110076174,0.004059283489239756,-0.7163489749911759,-0.3441321996574957,-0.08283352970862946,-0.9342067262174713,-0.5030906382859904,0.10048069719994535,0.05280081355334988,0.03381281764016035,0.00295396644053039,-0.43522708816710715,-0.7883500034428799,-0.409418870578645,-0.21033226063861943,-0.7454842231863709,-0.6305674727110192,0.4130049192875558,0.7435401640139192,0.3192476633521295,0.30496368113614697,0.41946737539136697,-0.5436592900506784,-0.08293461676708118,0.4993631635875322,0.0062875464851821095,-0.20336011548379163,0,1
17,0.43833540895711964,0.2893604358217207,0.5264914753977997,0.28910398610489485,1.336435906793655,1.570179815932361,0.8326713971384873,1.1896566814160383,1.056109858320295,1.3958368565775767,0.43227268817090886,-0.2528660588096415,0.3356376970089634,0.19271526072102013,-0.023536302125504407,-0.11141277788599319,-0.07810826844707817,0.08153121296040852,-0.443876607944355,0.06426526010401096,0.7932743350122684,0.8374436244163443,0.7071597147615823,0.6093545252020182,1.8151666969014972,0.8131608471910117,0.7727439519586674,1.1915858532288592,0.9749526006621774,1.3635935311887895,0,1
18,1.4584864400111899,0.6295524796033363,1.4071110781344442,1.5677662467198619,-0.022108506166493368,-0.17720585762287638,0.5416146296866565,0.9914715897810072,-0.9479805434115036,-1.200953113734457,1.082103634217666,-0.3553651297816627,1.2566844836715776,1.4510185127722859,-0.19098240164701263,-0.41878980039427344,-0.02159057749522252,0.4292834368230797,-0.8038598906525675,-0.6602929372164751,2.072911099038285,0.7435401640139192,2.154592742408794,2.471813757537264,0.6256014290297862,0.19104560221524952,1.0418022398788493,1.6615215153776048,-0.36715644042795814,-0.49728618965676963,0,1
19,-0.2796513221380004,-1.1732339292801923,-0.3034623419759143,-0.3554948334809243,-0.05990642455810743,-0.5532011065758174,-0.431688782788067,-0.20397480055459463,0.09538610903649436,-0.7096685247565039,-0.5967982226851468,-0.7734149121032627,-0.48693815025411724,-0.46907184985626865,0.42844226725961926,-0.6376948180687557,-0.30111649727681356,0.10947558809223026,-0.1292966221542951,-0.5579427582942805,-0.38375004699279447,-1.0750568524463768,-0.3668355917526489,-0.42901378918766,0.3164003485721568,-0.599954113695761,-0.3227076488592161,0.020476345969286883,-0.06811508692279956,-0.6713921503981672,1,0
20,-0.407170201019759,-0.8608126645827897,-0.37704836357445576,-0.4838601037898421,0.6458970131006956,0.24954260335594047,-0.6827402167712101,-0.6274623812734395,0.3777493615141709,0.6741384711517443,-0.8880187577653602,-0.8482758407238994,-0.7960910995317226,-0.6612105635411836,-0.945434094415913,-0.4162620288275934,-0.49294255178828383,-0.9244662917851765,-0.45576794761339495,-0.515719087121758,-0.506482503919818,-0.8825547586214062,-0.4713402563487775,-0.567795377414303,-0.23329046113029359,-0.023793826797617483,-0.5514987100158333,-0.8145172734105633,0.22806462683589768,-0.2194991511704941,1,0
21,-1.3984908768483884,-1.617566394627609,-1.3939830555018407,-1.1661644887363802,0.27518665964447603,-0.8406855636220409,-0.8758198501590091,-0.8895127454046695,-0.145655691859083,0.7986148899224379,-0.5713551062790831,-0.42894482001514905,-0.5551808012798404,-0.6389492727542925,0.7885143308923357,-0.6518503388421635,-0.41303823009772944,0.2740369083129587,-0.07848817084112417,-0.33229945954832024,-1.3656097024089833,-1.6384776148609268,-1.3675907870679311,-1.1105397298842972,-0.18175694772068968,-0.9589772236771565,-1.0105908533327015,-0.9720576096737621,-0.8221571601152322,-0.4200144430355875,1,0
22,0.21933559522540372,-1.1963762451837037,0.30131020711811013,0.027383003012846192,0.6313593521808444,1.7686266311200414,1.2578777858026848,1.0568574640033064,2.285423042887738,0.9667904769849706,-0.016076282011615844,-0.9180118157959353,0.1203756434378899,-0.0076363563610004,-0.09813165097249212,1.3177892659148422,0.8289589094895985,1.564135560232065,1.699807625119866,0.14938818118781647,0.2118041702268613,-1.1032278905671047,0.36846038629213435,0.03479531049915049,0.10167737603213775,1.8017668828357825,1.468726359997097,1.668980811602188,2.349970498836613,0.6427166038494065,0,1
23,1.8327266280337433,0.8355190911445869,1.6966298516369023,1.9670016446568852,-0.3150423737015059,-0.18598669015330474,0.08406860019447786,0.7719980739805766,-0.30405458959046205,-1.3558865285873416,0.8534594124604736,-0.15402766894376402,0.5412816588247334,1.0531249560862017,-0.7468279124646503,-0.7393112350492891,-0.4882095431864043,-0.3205572958808052,-1.0989813206205614,-0.6636708309102769,2.44513248480057,1.4806823281729558,2.189331135072327,2.8449934929174563,0.14891642999094173,-0.12489473456837849,0.027342674710408393,1.0961068615541933,-0.28989216727351513,-0.5408126798421192,0,1
24,0.5824871850843252,0.45135664714629953,0.6028922628498377,0.5824311048669581,0.9802632142572868,0.5779457399939599,0.5967117955417355,0.9083453620875419,0.47416608187240167,0.03718998786765958,1.249203020343975,-0.5664033955508416,1.0689026922585134,1.2392120567416707,-0.3313601467345926,-0.42435089784096924,-0.20255855344943982,-0.17773048965149396,-0.6827844322041595,-0.3887102842348103,1.899878454846088,0.8499640858033342,1.8708958689899402,2.1571045797742445,1.8838780481143034,0.4369046279305092,0.7320191430727895,1.2244067566170254,0.8418863524517485,0.4558950392336367,0,1
25,0.7183225125888079,-0.7011306848485624,0.8441579074352197,0.6048880960009158,1.4527371941524685,2.0162461084781205,1.4399379860194679,2.1349640878081937,4.0725758238135175,1.471317238172572,2.0716345668751095,-0.43040909245760656,1.902928648754098,1.4294056090956924,0.2921562501678651,0.5447967208241181,0.07334800681306673,1.7892430265717412,0.22528150615889903,1.1796457577973654,1.0528233013005641,-0.7401345103443949,1.1587588193875122,0.8604339784992905,0.7673185909061992,0.6500207460154653,0.346734996085046,1.9032027130541023,1.4900477550251296,0.9576723305838449,0,1
26,0.008652230116410994,0.48607012100156693,0.0966365186281776,-0.1378560922444219,0.49325157344225173,1.2997301739951685,0.4769353480306939,0.8102665507540932,1.3591338365890206,0.8237750171207692,-0.6497474108815491,-0.4172306404754896,-0.4631219230505091,-0.5233202380845179,-0.833698445299117,0.16866431170214363,-0.21926328969136757,0.16691680364097516,-0.6979188645102105,-0.08132195809884661,0.12126383314954894,1.108198601910003,0.29029900279918525,-0.10966136126092399,0.6814294018901912,2.1975539592792726,1.1182184543051594,2.128473459036517,1.773350089924753,2.014045575531653,0,1
27,1.1258284951022541,0.18984847743662228,1.0894446460970244,1.1075365518757931,-0.3063197771495952,-0.1087153638855354,0.5547900389128709,0.543654381444563,-0.5519832990830561,-0.7983910785611481,1.4077067590358032,1.1674782103740788,1.1499694656246409,1.043399149431735,1.148586394525052,0.0003147253612599604,0.44892615998574226,1.034744898012552,0.20906604297384432,0.0895994628075246,0.863694597183511,0.17698928625262247,0.7969005624757093,0.7606900860935247,-0.12163451540948353,-0.402347793962001,0.16049907230355973,0.3218319134424506,-0.978116526297348,-0.5921641570270818,0,1
28,0.20824699706177277,1.3515927357928885,0.2972891130416873,0.10501210816726742,0.6967788263201773,0.9994257014545196,0.7859585826091813,0.8021566748815598,0.23656773527533215,0.3152756042702747,-0.015388630216857446,-0.3645168325470215,0.17258814153810784,-0.038110550544996964,-0.5878800172421663,0.16967542032881555,0.02991569258405462,-0.2506963580512509,-0.3584751685030671,-0.33263724891770047,0.6544458181603889,1.6559687875908153,1.0690179716733852,0.5302473001905488,1.1795866981830376,1.8913790510871387,1.4824538236664941,1.1184847502279431,1.434245779969143,0.6084822857260977,0,1
29,0.8375249428478432,-1.0135519495459642,0.8039469666709893,0.7224407409490392,-0.010478377430611419,0.051095788168260145,-0.04708660983011263,0.5999166453102623,-0.40735821854570947,-0.20249332912697374,0.5392025422558512,-0.7113663673541285,0.7024991968183886,0.34227655416304625,-0.4638691841378914,0.15754211680875185,-0.017135981164041778,0.17002173421117744,-0.18875332049949559,-0.07085048764806096,0.6021336234046089,-1.0343653529386596,0.6521572597109881,0.4580189643105116,-0.4780746498259169,-0.003114095662689146,-0.2774070187502058,0.2711086991152846,-0.3843262789067229,-0.3486114366641152,0,1
30,1.1313727941840697,1.3145650303472705,1.1980141861604465,1.0909017436284172,0.5659398780415106,1.3330973376107964,1.5477367887794053,1.7370733028120315,1.1215354899919512,-0.13893090252066262,1.3313774098176125,0.4664577785475777,1.1234052122052318,1.2910830255654948,-0.2684104852603415,0.3299361376563234,0.4809435711161037,-0.13426146166865993,-0.10010878842119686,0.2054612165049262,1.2339039754551888,1.2334032157799026,1.3932429698663602,1.2198559356166188,0.5354177805629782,0.8269473346142974,1.3900222349592206,0.8559175231226122,0.6000777938758068,0.5625104871033693,0,1
31,-0.7509167440923262,-0.16885741906780277,-0.6866726074590289,-0.7039940662634508,0.8930372487381757,0.6815595638530145,0.22899810168283813,-0.10234791852691255,1.5278630972159242,1.982465085464997,0.13417563514311046,-0.331570702591729,0.1620540410442042,-0.09214280973648037,-0.4877900554981067,0.3501583101897628,0.20503701085359707,-0.3112425041701981,0.18744542539377163,0.5793940484087855,-0.039696766099006776,0.3115842461627648,0.20345302114035255,-0.12376308398035972,1.1624088603798368,1.6989426641371108,1.766612321623013,0.40537603115778303,2.484467566920273,2.635153918625965,0,1
32,0.685056718097914,1.0530568606375932,0.7154828969896825,0.5677370242484424,1.5326943292116535,0.6464362337313011,1.6651177073402261,1.6331655181951996,1.3453600193949873,0.10604928335783165,0.5412654976401267,0.34199462093869487,0.40204833055748607,0.4866507507226899,0.36738109562959514,0.18231427816221524,0.4380680814284892,-0.2056748647833157,0.002589145084149,-0.033018078277480906,0.7771782750874124,0.9329121424921436,0.6868956523745209,0.659226471404901,1.1495254820274345,0.4259903253870747,1.140639978298508,0.8544256638776957,0.7231283029736231,-0.07326970661521856,0,1
33,1.308790364802169,1.6293005266350238,1.3226681025295608,1.2960643786793875,-0.33466821594330626,1.0380613645884045,0.7548167062563103,0.5086805417442632,-0.014804428515769776,-0.054181000378913234,0.38620001792209085,-1.1072690289835598,0.18632827261711243,0.4950797831565613,-0.6564951482490999,0.3016250961095082,0.007921123198849786,-0.4349739873927645,-0.6017071162788866,-0.01883092476351322,1.4351047245158832,0.7466702793606667,1.4192967643640102,1.4657762220653168,0.6127180506773852,2.1671087995528504,1.370803785822065,0.7619303906928631,0.9263047249723436,1.2706718105683805,0,1
34,0.43833540895711964,-0.35862440947659535,0.48225944055714665,0.31239271765122145,0.3914879470032894,0.7570747236146981,0.39189407029785445,0.548976487485913,0.4844964447679262,0.28217017374615383,-0.3764058224650559,-0.9617569550143514,-0.42968760409159773,-0.22117184468574272,-0.9177362433672422,0.07412565510831405,-0.22399629829324708,-0.5243959878145943,-0.4287421756383039,-0.045516284944547465,0.6423737732167476,0.17698928625262247,0.5884702064945103,0.5164895219276846,0.3421671052769599,1.7156013364402476,0.9969591918921523,0.8797872710412789,1.7819350091641353,1.8086396667918017,0,1
35,0.6074365309524953,0.49995551054367343,0.6069133569262605,0.4851174766198086,-0.18274965933085466,0.36544959275759437,0.3847074834471921,0.10952258864301816,0.1332641063200847,-0.8553324190626358,0.06197219669347088,-0.5334572655955492,-0.05183399941896878,-0.0015847433315542344,-0.4169716863395743,-0.1124238865126653,0.06304675279721123,-0.07682024611991504,0.7452573589596506,-0.4346496384705149,0.6021336234046089,0.45243943676640197,0.6116291349368661,0.46145840887622763,0.8446188610206063,0.5845349307548591,1.0587327784044394,0.8037024495505293,2.630411193989776,0.0005786081936326821,0,1
36,-0.08282870473354642,0.5300405212182379,-0.05536083746061311,-0.17057121513092788,-0.027923570534433836,-0.05251803569079419,0.3499723136689899,0.0030804678160195843,0.09538610903649436,-0.23427454243013024,-0.5414422532070896,-0.3517044486755191,-0.2125935330433236,-0.4398944298928676,-0.3848673589877061,0.1383310529019844,0.3748684959798625,-0.12960406581335623,-0.07740713996212056,0.02373053577838954,-0.22681346272545258,0.6621571649984843,0.11081730737093093,-0.2769903393830102,0.3421671052769599,0.8160330320708629,0.9566919651285876,0.2576819659110346,0.8104083152406787,0.7375945712197188,0,1
37,-0.4210309487242982,-0.2336559035976338,-0.49848540468243124,-0.4733247252331708,-0.6385053291682083,-1.3194165531809936,-0.9230117704783594,-0.6748544684035556,-1.3439777877399521,-0.5812194543229156,-0.8924884944312902,2.0698361030384786,-0.8936460301926559,-0.6722331444162463,-0.8651732760362427,-1.1281330574359967,-0.5917789078863563,-0.12494666995805279,0.6176957152372209,-0.7346065984801147,-0.7479234027926512,-0.5194613783986963,-0.8080131785795193,-0.7132838825440924,-1.7015661473589512,-1.3530984328903333,-1.1951794814738605,-1.1531693220066435,-1.4846267614209177,-1.2044693897468293,1,0
38,0.12231036129363082,1.3353931146604305,0.021442059399067258,0.011857181981961883,-0.3448445785872026,-1.0796998251003,-0.9426551078701703,-0.6809368753079554,-1.006519266486144,-1.05661343664929,2.649262074472227,1.787963657865421,2.2697901485635232,1.312695929242088,-0.06854531007959397,-0.8227276967497271,-0.45953307930442827,1.0440596897231593,-1.4176692237508348,-0.7423757539758589,-0.40789413688007764,-0.1454125944623702,-0.4872620196528968,-0.45033834549509966,-1.836412174114084,-1.3236872597206575,-1.306600728257133,-1.4685483663820238,-2.0884327479241556,-1.529695411918261,0,1
39,-0.2962842193834469,0.32175967808663664,-0.26566405765753737,-0.37517935657365226,0.2170360159650683,0.22320010576465546,0.04334460804072374,-0.03721547792562995,-0.4727838502173666,0.15504532053352976,-0.7924351582939324,-1.1343580691690225,-0.7218943917050973,-0.5780008843862992,-0.5457037440544179,-0.24386800798002184,-0.11680757407421075,0.027194927981865912,-0.7811582421934911,-0.2583235876540608,-0.29924573238730284,-0.017077865245722735,-0.14682577155027288,-0.3787978985282056,1.0464584552082257,0.8085653513832497,0.8853091540477231,1.4675798135384397,-0.3113544653719715,1.0163597330809455,0,1
40,-0.30737281754707835,0.49764127895332194,-0.35493234615412866,-0.36464397801698095,-1.235276309928123,-0.9216448395525901,-0.8573742772423086,-0.9009172583504194,-0.2524027751128383,-0.9467034073092087,-0.704759554462227,-0.7040450051418412,-0.7095282737339931,-0.5345589479963465,-1.202583461538229,-0.818683262243039,-0.578693531163513,-0.8637648991377191,-0.77791514955648,-0.9004611788457831,-0.21876543276302496,0.6449415305913732,-0.2857793422044051,-0.2971110900924492,-1.1694826214047815,-0.44485613018379816,-0.4622701961647526,-0.24209088113604402,-0.043791149077882695,-0.7266561210829371,0,1
41,-0.9976380532331206,0.4444139523752467,-0.9291445802673378,-0.8966805951288892,1.7507592430094303,0.15822194503948592,0.02058708301362586,0.02107425490820258,0.12982065202157683,0.7522672871886684,-0.7112922465124325,0.39690483753084904,-0.5950271814089539,-0.6115008850850189,0.30317244092585915,-0.4840063068146157,-0.243206744971464,-0.3221097611659064,-0.8027788597735637,-0.3079786249529473,-0.8404757473605708,1.441555886338612,-0.728114875453393,-0.7681430233672635,2.3305018309975445,-0.06859991092329581,0.4245239568782959,0.22336920327795162,-0.08671574527479539,0.476435630107622,0,1
42,1.253347373984013,1.2451380826367364,1.3387524788352532,1.1352612322880864,-0.5672707906609341,1.8652157889547532,1.2938107200559974,1.1088113563117228,1.558854185902499,0.054404811740203056,1.8484915594759843,0.8325258891619385,2.6146674386465407,1.2889217351978357,-0.17398599304896475,3.710072276620733,1.741315920569552,2.163387160281133,3.4953999151449144,1.2478792104121617,1.4230326795722419,1.1019383712165083,1.882475333211118,1.187181212242316,-0.5124303254323199,2.657677977031429,1.8974808086045978,1.818166736093853,2.3542629584563044,0.8549693762139196,0,1
43,-0.3517272102016032,0.19679117220767592,-0.30909187368290664,-0.41399390915086287,0.39875677746321553,0.541066243366161,-0.050440350360421826,0.1450032955853512,0.4018535416037279,0.6357361717437644,-0.2512531958190138,-0.7069735500267562,-0.3179345379823595,-0.3011395882891382,-0.6385544947289384,-0.2903790048069327,-0.35735577595797025,-0.4478594492591045,-0.4114456815742456,-0.21441096963463746,0.07297565337498187,0.29280355408227965,0.021076459656803572,-0.09194822174748617,0.7029016991441932,0.5207724264221631,0.2602519749678448,0.324815631932284,1.0221696564787817,0.8011725905915774,0,1
44,-0.3822208551515888,0.5508686055313979,-0.3854926611349439,-0.4519767213157048,-0.10715382254762551,-0.14208252750116304,-0.24064534900795584,-0.08460756505574613,-0.3832540384561516,-0.16541524693995907,-0.8584497305907458,-1.0961039516098219,-0.8185333136274302,-0.6651008862029704,-1.180551080022241,-0.6761169458822908,-0.5614319703801876,-0.8681118019360026,-1.0665503942504524,-0.7538605925347849,-0.15840520804481648,0.5885994543499183,-0.19893336054557242,-0.3782819818433481,0.586951293972582,0.6241710820968052,0.2895372307958919,0.4963794450976992,0.9563519423101824,0.48230437035733187,0,1
45,1.1369170932658852,-0.4234228940064264,1.1537821513197932,1.057632127133665,0.8203489441389168,0.9801078698875775,1.134508044866312,1.1415042934228723,0.17114210360367602,-0.33491505122345694,0.6375367489063131,-1.0027565834031598,0.536701615131732,0.5683475266202128,-0.2539320631212637,0.6433798119246356,0.5806151640262726,0.6994123964306905,0.3550052116393359,-0.14077288710975827,1.16750772826516,-0.7526549717313847,1.1066512303922122,1.0427245404822416,1.342776157313453,1.3054533355975013,1.9446117672028613,1.6466029229284382,1.108018848872607,0.27054065968029445,0,1
46,-1.7610880367991284,-0.5993044948731124,-1.7410034742971485,-1.365782187704892,-0.9169015357833697,-0.9370991048061441,-1.0396740303541139,-1.2656842690797032,-0.30405458959046205,0.2662795670945765,-0.9873844421079596,-0.4657346651318923,-0.9284543622594678,-0.8009379858103597,0.5877049107894745,-0.5436617157882622,-0.5235679015651514,-1.0134225526214757,0.5128357199738675,-0.4626861561290697,-1.6203298507198225,-0.6524912806354647,-1.5954167456196022,-1.235563539848076,-0.29770735289229966,-0.838919895699378,-1.1015124210363412,-1.5185256510867318,0.1150298568506941,-0.5980328972767917,1,0
47,-0.3822208551515888,-0.1781143454292071,-0.36297453430697485,-0.44338207038789385,1.249209941274544,0.1810521096185995,0.23858021748372138,0.44456183562704765,0.9321455035739975,0.6291150856389391,-0.5376601683359179,-0.5810461199754159,-0.5606768537114423,-0.45415894631941917,-0.17902196596690498,-0.19482923958643117,-0.15689894105483734,-0.04577094041789101,-0.38550094047815814,-0.10429163521669882,-0.2710776275188055,0.2849782657154108,-0.2770947440385219,-0.34612317515390306,1.8022833185490963,0.7746735698010062,0.8743271831122057,1.213963741902609,1.2525316560688795,1.5445463555548495,0,1
48,-0.6927016037332622,-1.1107496763407116,-0.6822494039749636,-0.6798735943047557,0.3260684728639566,-0.3840822720397678,-0.440312687008862,-0.7189519184604549,-0.6277392936502368,-0.3428603545492465,-0.6184592542200386,-0.8817710728451135,-0.58311906780715,-0.5488234644228981,-0.5076191988624961,-0.6543781104088433,-0.3192132948722352,-1.053320910448577,-0.7260256673643053,-0.5167324552298985,-0.655371058224732,-0.8496885474805573,-0.6511114383825615,-0.6501700747632025,0.5483011589153791,-0.3799447518991618,-0.02070344813248128,-0.9241689279119375,-0.39720365776579686,-0.16178987204834533,1,0
49,-0.29351206984253914,0.6642659534586037,-0.3255783593962409,-0.3701889140994396,-0.8064153127924958,-0.6288918829881096,-0.6608211268766896,-0.5580215691148736,-0.1663164176501321,-0.7732309513628159,-0.7209193716390511,0.25962929605046375,-0.6348735615380676,-0.5416912062096223,-0.8327542003770034,-0.6771280545089627,-0.3824128803208619,-0.09389736425602849,-0.49576609013652956,-0.6741423013610625,-0.37570201703036654,0.8906555853110518,-0.3870996541397099,-0.45033834549509966,-0.8774593787503543,-0.6355692062059155,-0.37212651806904545,0.011525190499787128,-0.21978199348522426,-0.8386512475149037,1,0
50,-0.7730939404195887,0.5022697421340249,-0.8157497273122086,-0.7392044103870634,-0.8900068630816433,-1.1086765724507137,-1.031409455475852,-1.1330624552016832,-1.2475610673817215,-0.5481140237987947,-0.12816352455724705,-0.0021094030388043006,-0.22266962916792715,-0.3629524928041952,-0.3914770734425025,-0.8824842165860407,-0.6405010552586455,-0.7762058570580108,0.33122253230125603,-0.7373089134351561,-0.8123076424920735,-0.06402959544693532,-0.8508571961978764,-0.7638437176601184,-1.208132756461985,-1.1235534172926283,-1.1636063150342473,-1.346812651996825,-0.8464810979601495,-1.0117790848813502,1,0
51,-0.25192982672892206,-0.7150160743906689,-0.3135150771669719,-0.34024625925416296,-1.5819995228665875,-0.9167275733355503,-1.0074541659736438,-0.9789748136235519,-1.736531577769892,-0.462039904436081,-0.8811422398177755,-0.5266850055491834,-0.7658628111579122,-0.6638041119823748,-0.8258297376148357,-0.7807666887428402,-0.6652797473508384,-0.696874880989339,-0.8373718479016803,-0.4731576265798554,-0.47227837657949995,-0.45998918681049344,-0.47162974295430715,-0.5227386536034225,-1.1909549186587836,-0.7096715761060755,-0.9358676927589504,-0.6201280137979236,-0.9709624269311959,-0.2967708977916762,1,0
52,-0.7231952486832484,-0.2753120722239549,-0.7759408959556208,-0.7123114703871388,-1.1633148883748565,-1.1464341523315555,-0.9936798745098739,-1.0737589878837839,0.03684738596185395,-0.25413780074460235,-0.7432680549687015,-1.0583989362165427,-0.7333445009376012,-0.6006944332467222,0.03437738643080672,-0.9521496009637398,-0.6006881005487178,-0.6900440337348935,-0.11200012809023717,-0.4447833195519202,-0.7881635526047903,-0.7510899140580113,-0.830882620416345,-0.7454426892335374,-0.9547596488647613,-1.1068373012918946,-0.9952160940229768,-0.9617637808838371,-0.3428325025830405,-0.598521958964268,1,0
53,1.0177146630068499,-0.16885741906780277,1.01706495272141,0.9384160013608039,1.176521636675285,0.6271184021643585,0.8925596208940081,1.2707554401413705,0.808181148827701,0.010705643448364045,1.3416921867389897,0.6989110287876968,0.8041761668030231,1.1572991518073819,-1.0077542592754216,0.12114220624856085,-0.18139922087633134,-0.5003327758955257,0.6209388078742317,0.39664999957410824,0.7208420653504185,-0.3128737655133614,0.6579469918215767,0.6196728588991663,-0.3707131635559068,-0.29894913828735914,-0.2160910143602325,0.07567513803120315,-0.005159012500661592,-0.31535524191575826,0,1
54,0.15280400624361645,0.5994674689287719,0.09060487751354339,0.050671734559172496,-0.5854428668107489,-0.7372473564135953,-0.6006933502261467,-0.5706932501657067,-0.8309030972622238,-0.8182543368756202,-0.4572049083491766,-0.69050048504911,-0.4690759798514111,-0.33182991150990077,-0.7635095727553269,-0.8550831728032302,-0.5193917175046694,-0.5003327758955257,-1.0860089500725179,-0.7845994251483812,0.21784019269868238,0.8703098355571932,0.1542402982003473,0.11923367458747977,0.09738291658133663,-0.436814012520215,-0.17536620547435455,0.3815062832391168,-0.500222688638387,-0.37110827428800375,0,1
55,-0.8396255294013759,-0.15728626111604696,-0.8712408255668462,-0.7916040563662977,-0.2452616012862172,-1.0196389305921703,-0.8662377343581258,-0.8383191539593035,0.21590700948428304,-0.5229538966004635,-0.4076939791265664,-0.4613418478045201,-0.42968760409159773,-0.47101701118716205,0.3862659940718708,-0.9348596434476489,-0.5901084342621634,-0.5860288596331124,1.2090196060522125,-0.528892872527585,-0.8404757473605708,-0.5726733392934038,-0.8847271290448212,-0.781556857173556,-0.5038414065307194,-1.117521829044941,-1.0010273869763548,-0.9587800623940038,0.40262465137000897,-0.7804529067052787,1,0
56,1.2921574675567224,-0.1989424297423672,1.226161844695408,1.2683396982670943,0.48598274298232663,0.24427410383768358,0.35476337156943166,0.8637410447886091,0.2055766465887585,-0.4514461666683619,0.9765490837222405,-0.0332251924410248,0.7858559920310167,1.2370507663740113,-0.20231334071237772,-0.20999586898651068,-0.14576245022688547,0.45567534666980025,-0.2676685746667615,-0.45390363252518506,1.8354942151466658,0.3147143615095122,1.6711501111746248,2.0367240199741823,1.1065808875194305,0.3984173505405037,0.3586321312651903,1.2184393196373589,0.7331440420862365,-0.1652133038606762,0,1
57,0.04469017414821261,0.49995551054367343,0.021844168806709193,-0.10430922894554696,1.0965645016161,0.4163784214340789,0.3188304373161192,0.643000360883095,0.5843566194246648,0.603954958440608,-0.07177607738705236,-0.11192983622311267,-0.17686919223791148,-0.11181055208218026,-1.083293853044523,0.06755344903494613,-0.2496102271975363,0.042719580832878204,-0.3055046554318889,0.05278042154508477,0.17156402041472255,0.7153691258931918,0.09634297709445881,0.04270603300029746,0.00719926811452861,0.8459037548213149,0.2250181515497258,0.8350314936937793,0.9635060416763345,1.128843921200388,0,1
58,-0.4154866496424822,-0.02768929205638408,-0.49848540468243124,-0.46389833389299084,-1.3094183806193667,-1.3153773702169966,-1.2215904988338837,-1.3100351527576195,-0.13188187466504964,-1.060586088312184,-0.1357276942995902,0.005211959173482924,-0.2409898039399332,-0.265910555296291,0.12282166080212961,-0.9413812940896832,-0.9464204583024823,-1.2851039775141877,0.0977198624364693,-0.3248680934219563,-0.5608067061662054,-0.6071046081076261,-0.6406899205835015,-0.5788016000245944,-1.482978161313211,-1.2627969402678128,-1.4078865310311675,-1.7352927993731213,-0.8378961787207667,-1.145781987249729,1,0
59,-1.6441033261728193,-1.7679914480004324,-1.6352487000872227,-1.303124409973109,-0.07953226679990778,-1.0549378773644922,-0.9830197706813912,-1.2179880616043672,-0.600191659262171,1.1720441462345206,-0.9887597456974766,-1.15595608769527,-0.9504385719858753,-0.7984092760801982,0.9471474778074485,-0.8424443149698305,-0.41415187918052454,-1.040590695110747,-0.010383225463894917,-0.3931015460367527,-1.5110778439798656,-1.679169114368644,-1.5189922817598294,-1.1793286211986183,1.5746769676566752,-0.9067034588638654,-0.8818730023259886,-1.2417857611546925,0.27957414227219274,0.1927798513716367,1,0
60,-1.2138657174239287,-1.0528938865819335,-1.2246949948844312,-1.0608107031696656,1.074758010236323,-0.5651430388172,-1.1000413598996788,-1.088711571523767,3.0498698971565683,0.871446837075503,0.24866965897039645,0.42069926472078273,0.08739932884827861,-0.23003313519314608,0.13006087187166837,-0.8201999251830471,-0.7522835819442121,-0.6600814537324401,2.252214404290726,0.676001808051517,-1.2066611106510348,-1.3583322913270257,-1.230663622652505,-1.018190643294821,-0.3921854608099088,-1.0516913515987523,-1.3171251170703375,-1.5162878622193567,0.7617604395508449,-0.2992162062290558,1,0
61,-1.6496476252546346,0.35878738353225476,-1.622381199042669,-1.3106100736844282,1.8670605303682437,-0.40673681996827293,-0.8705496864685233,-1.1809867529359341,-0.10089078597847598,0.6026307412196437,-0.2931999552992806,1.5664924509437326,-0.2877062496085493,-0.5808105618642563,1.5199893972231342,0.22275862322909432,-0.13044977533845176,-0.4945886543406511,1.359282898233719,-0.30527630999790595,-1.4994082005343452,0.1425580174383996,-1.4564631749654697,-1.1810483434814765,1.1709977792814366,-0.6430368868935284,-1.0044592528937042,-1.4865998632455153,-0.07526918628895168,-0.44984720597161354,1,0
62,-0.08282870473354642,0.6295524796033363,0.056827687271589766,-0.13536087100731525,0.4569074211426223,1.545593484847162,1.3273481253590889,0.7773201800219266,0.3157671841410217,1.3110869544358272,0.8943746942486028,0.10405034903936046,1.0313463339759008,0.33536042498653634,0.7258794177254559,2.191387119359428,0.9550796681161527,0.9369395850511758,-0.4319852682753147,0.7300481071523459,0.1313238706025838,0.529127262761716,0.19476842297446895,-0.002006746354011305,1.1752922387322378,1.9700769167950607,1.7510545294643631,0.7619303906928631,-0.2584141300624461,1.3146873624412059,0,1
63,-1.4902490266524364,-1.2889455087977488,-1.4398235279730631,-1.2022065732723615,-1.5558317332108544,-0.443967549897289,-0.5126576613055311,-0.8631556488189365,1.665601269156254,0.8754194887383977,-0.11578579225159458,1.9288998804519497,-0.23503574713903122,-0.4699363660033324,0.5153128000940854,0.61506877037782,0.23482712381836826,0.4898295829420269,2.261943682201759,0.6317514006627134,-1.409873867202336,-1.0797520254664983,-1.3542744032135765,-1.1187943968420155,-1.6435909447731456,-0.6545256264129332,-0.777086696316258,-1.1421295635942603,0.36828497441247865,-0.06935721311541201,1,0
64,-0.5180561826560711,1.0206576183726772,-0.49526852942129285,-0.5420819326556581,0.9875320447172118,0.23549327130725523,0.12119929892290064,0.32620833461226556,0.1642551950066593,0.38148646531851627,-0.06180512636305444,-0.0606803007371021,-0.08893235333228142,-0.19026539242821422,0.21409866993979365,-0.03709629382560314,-0.13796690664731923,0.07066395596469995,-0.5022522754105515,-0.11847878873066636,0.014627436147380643,1.1488901014177202,-0.01655679906202385,-0.12445097289350308,2.0814231828511214,0.7143576873241317,0.42498153900060914,0.6589921027936142,0.5127977816087512,0.8207350580906108,0,1
65,0.0640952209345668,1.0437999342761888,0.09623440922053565,-0.07270309327553266,1.3509735677135064,0.6165814031278447,0.2876885609632485,0.8726112215241921,0.32954100133505504,0.46623636746026564,-0.2949190847861768,0.12784477622929374,-0.30740043748845586,-0.2166331349136581,-0.12520000540642018,-0.20797365173316681,-0.3211621807671268,-0.09389736425602849,-0.21577909247458663,-0.24582538098699427,0.058891600940733195,1.1363696400307306,0.06449945048621991,-0.06116519288432748,1.2096479143386407,0.3438458378233315,-0.03260058331262534,0.5068224598121154,0.4240869494684653,0.13653775731191486,0,1
66,-1.4093022600579286,0.3657300783033084,-1.4032315718776138,-1.178640594921912,0.42056326884299383,-0.6157206341924673,-0.9697245850076656,-1.034476776626201,-0.48311421311289116,0.7906695865966483,-0.7164496349731211,1.4639933799717115,-0.6692238892355794,-0.6713686282691825,1.0761942838296634,-0.4885562956346396,-0.4884879554571031,-0.48310041123090225,0.19393161066779357,0.09635525019512821,-1.3293935675780584,0.8499640858033342,-1.312588332017337,-1.0833681178151404,0.7802019692586003,-0.6625677440765165,-0.9856526276666303,-0.928793691571179,-0.2097662543726116,0.28325626355466604,1,0
67,-0.8978406697604394,-0.09017354499586444,-0.9331656743437612,-0.8329138301806146,-1.2519946199859522,-1.1552149848619835,-0.7856281851831949,-0.8504839677681033,-1.1752485271130477,-0.8407660296320228,-0.587171097558528,-0.4909933647642833,-0.5909051420852527,-0.5859976587466388,0.6865358793040489,-0.9098852603688511,-0.39132207298322336,-0.5402311337226265,0.09015264628344374,-0.6099623211788283,-0.943088129381525,-0.3582604380412,-0.9950215257515388,-0.8494858873464483,-0.3277685690479027,-1.0929359264734149,-0.755580336567536,-0.8625551410968796,-0.8936981537767533,-0.9736322732582346,1,0
68,-1.5301679800415087,-0.4859071469459076,-1.4563100136863978,-1.2310402409011465,0.5804775389613628,0.5006744137261908,2.5191237780939524,-0.3068688506873601,0.873606780499358,2.30954673904331,-0.39909833169208553,-0.0313948518879532,-0.5661729061430442,-0.5963718525114035,0.7705736773721742,2.9749963050302077,7.492478196394577,3.2252734152903613,2.2673488365967773,1.894070274036446,-1.3495136424841276,-0.5445023011726763,-1.3568797826633416,-1.0936864515122886,0.496767645505774,0.8889865280190824,4.31259925017385,0.7097153171207802,1.721840574488458,1.5249838880558155,1,0
69,-0.4903346872469932,-0.6803026005354023,-0.5483469712300766,-0.5323782945113554,-0.022108506166493368,-1.0616113100876179,-0.792335666243813,-0.6898070520435386,-0.9204329090234379,-0.8593050707255306,-0.710604594717674,-0.618568101313388,-0.7557867150333089,-0.582107336084852,0.27106811357399113,-1.092087034895141,-0.5244031383772477,-0.5872708318611934,0.16690583869270254,-0.6910317698300715,-0.7157312829429401,-0.9968039687776894,-0.7729852993104565,-0.6978063819983701,-0.30200181234310075,-1.2128209233584024,-0.940901096104396,-1.0235267536233865,-0.9180220916216703,-1.0866055230651526,1,0
70,1.217309429952212,0.43515702601384154,1.1497610572433699,1.2073454013600489,-0.6196063699724004,-0.17369352461070495,0.06370660411760072,0.5994097780682288,-0.9479805434115036,-1.1135547771507779,1.1873143588157122,-0.7571248811809237,1.0831008277068181,1.0976475376599841,-0.8362164317580871,-0.5406283899082462,-0.33396914521927146,0.1948611787727969,-0.7714289642824581,-0.761291958661149,1.5779572563489765,0.07056536446320702,1.5495657368522593,1.5569215030567924,-0.7443311357755417,-0.27654609622452,-0.18680575853218542,0.7678978276725298,-0.6776443529189596,-0.9990634810069778,0,1
71,-1.5692552885683086,-1.1084354447503606,-1.4563100136863978,-1.249061283169137,-0.056998892374137196,0.7079020614442995,-0.19908292172162442,-0.6877795830754053,0.15392483211113475,3.5463656234244625,0.28442755229783695,-0.657005252927896,0.021446699669056272,-0.4284395909442731,3.1818604601433655,3.36022869179223,0.6131893996980318,0.8096374316728763,0.4771617009667473,6.072862562638654,-1.4656064746921484,-1.636912557187553,-1.4419888446889977,-1.162991259511467,-0.684208703464336,-0.21910239862749664,-0.7601561577906683,-1.1870345268662517,-1.1025978552683948,1.0799377524528042,1,0
72,0.7349554098342543,1.1780253665165539,0.7717782140596051,0.6511883122894453,0.6168216912609923,1.2329958467639133,0.7967384628851748,0.5976357427211122,0.24001118957384096,0.24509209155913828,0.5061952561074446,-0.31143695650793934,0.2673950459832401,0.5231765579361326,-0.4031227608152391,1.4633889081556064,0.21812238757644062,-0.1823878855067974,-0.6190036103429447,0.7928769298570592,1.2681081027955072,1.2036671199858016,1.1355998909451566,1.238772880728057,0.9390969689382155,2.6289561282329172,1.5881552939208512,0.9320023446133617,0.41264039048262163,2.3270450555161877,0,1
73,-0.2075754340743972,-0.8422988118599811,-0.1840358479061497,-0.306144902347042,0.15161654182573547,0.26710426841679713,-0.2969402793381453,-0.13098591770179552,-0.6725041995308447,0.3497052520153598,-0.5665415437157738,-1.081095159074633,-0.5331965915534329,-0.4736105596283532,-0.7502901438457343,-0.3318344585004835,-0.4759594032756572,-0.5028167203516875,-0.9508800901970625,-0.27757758170873115,-0.0899969533641804,-0.8246476247065773,-0.0599797898914402,-0.2549778941624275,0.19186102449894576,0.4162248967955809,-0.1447082032793679,0.16220297423636898,-0.6232731977362033,0.8158444412158522,0,1
74,-0.6206257156696594,-0.6733599057643487,-0.636006822096099,-0.6199882846142023,-0.501124433475609,-0.781502752366954,-0.8259928479944159,-0.8398397556854034,-0.4727838502173666,-0.5136843760537096,-0.6635004467767186,-0.34072240535708825,-0.6325835396915669,-0.5529299161214508,-0.7071696257358723,-0.45620081958113634,-0.45730578113883796,-0.6954776622327479,-0.7714289642824581,-0.5565916008167597,-0.584950796053489,-0.45685907146374605,-0.656032710676562,-0.6011579897017487,-0.8173369464391488,-0.5597435253778448,-0.6370665668884081,-0.6090882553855405,-0.5817794214125216,-0.5002205597816242,1,0
75,0.4217025117116732,0.05099458201555425,0.36564771234087845,0.3415036320841294,-0.5040319656595792,-0.5013941946462904,-0.0597829132662831,0.2666514336733495,-0.20419441493372342,-1.206249982618316,1.0449704373007083,-0.3571954703347343,0.8737928309366468,0.7345507558932157,1.1706187760410403,-0.26206796326011733,0.008756360010946235,0.8763934389322283,-0.594139900125861,-0.6768446163161038,0.5538454436300417,-0.24557628555829022,0.4755704303380285,0.45114007517907945,0.5740679156201811,-0.4437072562318578,-0.12182909716370616,0.36658769078995024,-0.5359931854691475,-1.0978539418770972,0,1
76,-0.2824234716789082,-1.9647011331802782,-0.2853674186320106,-0.37517935657365226,2.215964392444686,-0.14208252750116304,-0.40617639946821527,0.24586987674998306,1.8790954356637657,0.44902154358772217,-0.11475431455945678,-0.3608561514408779,-0.21488355488982433,-0.27261055543603496,1.9826694090588806,0.05946458002157032,-0.6421715288828383,-0.6529401134209747,0.5106736582158603,0.747275364990735,-0.5909868185253097,-2.134600897320405,-0.6082674207642039,-0.6107884344857537,0.36363940253096194,-0.8262822822280328,-1.0255995469445758,-0.796018218773597,-0.4501439930753222,-0.7046483451465242,1,0
77,0.9705881208114177,-0.7589864746073406,1.0130438586449872,0.863559364247612,0.5732087085014367,1.787944462686984,0.7871563470842915,1.3214421643447034,1.0147884067381958,0.49139649465859686,1.8467724299890884,-1.2092189977896595,1.460954432379447,1.9351475551279773,0.26414365081182317,1.5761275200295315,0.3311577694801517,1.2815868783436446,0.5312132449169295,1.0479079037390953,1.0809914061690615,-1.1298338710144582,1.0921769001157402,1.116672598645137,0.4795898077025719,1.617947050525308,0.31607699389005933,1.234849771331442,1.0393394949575465,1.197312557447005,0,1
78,1.5610559730247788,1.0507426290472417,1.9580009666043994,1.5261792261014218,2.1796202401450566,4.085010252647035,3.2665288105628516,2.64943433847202,3.6111529478134132,2.4366715922559345,1.6786415661706415,1.233370470284664,2.531768647803212,1.5374701274786593,1.032129520797688,2.0796596161121745,2.0717912858890224,2.0935262224515787,6.265001027152244,0.6874866466104431,1.278168140248542,0.8750050085773141,1.676939843285214,1.1390289883222913,1.1709977792814366,1.922398647789531,2.098359360300108,1.8405446247676032,3.4559942608437293,0.6515197142239716,0,1
79,-0.46815749091973075,-0.3308536303923816,-0.4751630590391777,-0.5218429159546839,0.05276044757074346,-0.30435231266347856,-0.7640684246312073,-0.8289421099816868,-0.4796707588143823,-0.4037743467136281,-0.6119265621698331,-0.2125985666420618,-0.6151793736581609,-0.5384492706581333,-0.5689951187998908,-0.5360784010882224,-0.389094774817633,-0.6622549051315818,-0.38009578608314015,-0.37283418387394196,-0.5587946986755985,-0.2048847860505725,-0.593214117276673,-0.5822410445903105,-0.33206302849870384,-0.38856130653871535,-0.6242542674636377,-0.7185907239624227,-0.35141742182242364,-0.34910049835159085,1,0
80,-0.8590305761877306,0.35647315194190327,-0.852341683407658,-0.8123975666755177,0.8421554355186951,-0.336665776375455,-0.6799853584784562,-0.8497236669050533,-0.052682425799360125,0.9310366120189212,-0.407006327331808,1.7623388901224153,-0.47823606723741424,-0.44616217195907965,1.0289820377239753,-0.513328456988103,-0.24571245540775313,-0.7667358188188935,-0.30658568631089256,0.008192224786901249,-0.7861515451141834,0.9438675462057587,-0.805986772340813,-0.7490541060275393,0.8188521043158044,-0.6556745003648736,-0.6132722965281201,-0.9869762021229286,-0.3757413596673405,0.10719405606336518,1,0
81,-0.3350943129561562,-0.8260991907275231,-0.3424669545172177,-0.4838601037898421,0.6677035044804739,0.7149267274686419,0.17030764240242774,0.35509976740816523,0.29166300405146467,0.7946422382595432,-0.5414422532070896,-0.3571954703347343,-0.7264744353980989,-0.6981686288281582,-0.09655790943563591,0.4315525546368567,0.14239424994636815,0.21504322747911264,0.03718213321226561,0.2199861593882741,-0.29924573238730284,-0.45998918681049344,-0.45483951983359955,-0.5946230450268883,0.7286684558489952,1.1336966797824017,0.8066050290098469,0.6470572288342811,0.7188358433539322,0.7473758049692352,1,0
82,2.9582193416423097,1.268280398540248,3.075865119850003,3.2811514961995876,0.5586710475815855,2.699394879345445,2.7694565533920286,3.2602093651221797,-0.09744733167996715,0.6357361717437644,1.5603654574721841,0.4811005029721521,1.9514771118999144,1.6152765807143952,0.3352767682777271,1.5023165902824775,0.6296157236692606,1.219488266939596,-1.118439876442627,0.6557344458887061,2.612129106520946,1.1723659665183261,2.8754143901771045,2.753848211925981,0.8875634555286104,1.871848193904151,1.5469729029126602,2.3761220936926812,-0.9580850480721224,0.9185473955857781,0,1
83,1.261663822606737,1.5876443580087036,1.3709212314466368,1.2128903374425075,1.663533277490319,1.1645053530265725,1.0901907592872269,2.3072989500995247,-0.7689209198890755,1.2210401834102187,0.25967208768653194,3.109469537183264,1.2273722040363675,0.47195397622260626,0.13981806940017724,1.6827994801434247,-0.37155480176360883,0.9291772586256696,1.0338926036536227,2.1747732399913757,0.6665178631040304,1.031510775914689,0.8374286872498314,0.5801192463934317,0.1102662949337376,-0.00024191078283797925,-0.30348919972206023,0.8454745084081959,-1.0210411224942608,0.2793437700548595,0,1
84,-0.7065623514378013,-0.8746980541248967,-0.7260793294079748,-0.6965084025521316,-0.10061187513369274,-0.7224955577624755,-0.7326869953833145,-0.9434941066812188,0.7634162429470939,-0.4421766461216089,-0.74395570676346,0.08025592184942677,-0.7695268461123135,-0.6290073370630594,-0.3562252630169218,-0.45973969977448825,-0.4069131601423559,-0.8410989059752414,-0.13794486918632426,-0.4542414218945653,-0.6734791256401944,-0.19236432466358278,-0.7119036255437442,-0.6754499923212157,0.045849403171731536,-0.46783360922260747,-0.37899024990374386,-0.7624513857629723,0.5070745021158294,-0.3461661282267356,1,0
85,1.0842462519886376,-0.210513587694123,1.049233705332794,1.0548596590924357,0.00914746481118792,-0.13154552846464898,0.36913654527075673,0.813307754206293,0.9459193207680309,-0.3706689161895073,0.8809654842508126,0.48293084352522414,0.7606657517195083,0.7637281758566167,-0.1982216127165514,-0.5421450528482541,-0.18446175585401806,0.2724844430278575,0.29230542065712467,-0.06645922584611862,1.1896398106618362,0.24272170853431962,1.152969087276923,1.1046345426651307,0.13603305163854074,-0.4184320292891675,0.02825783895503476,0.548594518669782,0.9592135820566429,-0.025830722930062448,0,1
86,-0.019069265292666907,0.469870499869109,-0.030430054186790123,-0.12842970090424194,-0.30341224496562497,-0.23393003576944335,0.21222939903129215,-0.16418572205497842,0.7496424257530605,-0.8818167634819323,-0.07934024712939548,1.8465345555637187,0.08236128078597704,-0.1381782945676243,0.7139189820453482,0.13226440114195245,0.5296657184883931,0.8018751052473706,0.3441949028492996,-0.23738064675248968,-0.1624292230260303,0.4884357632539983,-0.11498224494203399,-0.2609969221524306,-0.2590572178350967,-0.48334340757380384,0.11611360643917577,-0.07351078646046222,-0.006589832373891856,-0.8733746273256883,0,1
87,1.239486626279474,1.1942249876490119,1.0854235520206017,1.057632127133665,-0.6050687090525492,0.1371479469664578,0.5284392204604421,0.6805085367935614,0.32954100133505504,-0.8910862840286862,0.36453898638719906,-1.0022074812372384,-0.030307794061861373,0.2677120364787991,-1.0162524635744454,-0.44457307037440874,0.06722293685769327,-0.06905791969440904,-0.14659311621835341,-0.20765518224703383,1.517597031630768,0.6699824533653532,1.1732331496639843,1.1390289883222913,-0.5038414065307194,0.22321407286958253,1.2170561927248182,1.0170383215736107,1.332657568969783,0.3209140134903058,0,1
88,-0.6067649679651207,0.5485543739410473,-0.612282367045203,-0.6332961312121029,-0.7918776518726436,-0.3220895943749437,-0.509423697222733,-0.46653203192785814,0.2503415524693655,0.13518206221905765,-0.5008707973163397,0.5323500384581626,-0.4205275167055946,-0.5254815284521773,0.0035320523084236425,-0.1154572123926811,-0.21313821973599412,0.07532135182000366,-0.15307930149237536,0.17269564767504877,-0.6412870057904833,0.6840679724257169,-0.6053725547089096,-0.663755880797781,-0.2676461367366978,-0.2035926002763005,-0.3025740354774337,-0.1033479713587953,-0.07526918628895168,0.3077093479284579,1,0
89,0.02528512736185793,-0.969581549329293,0.030690575774839822,-0.1181715691516936,1.0602203493164708,0.37071809227585123,-0.036186953106607925,0.37461415622644817,0.8908240519918993,0.058377463403097844,0.233885145383089,-0.8674944165311534,0.31731752223695714,-0.0541040992656761,-0.5013242327150709,0.854701514899078,0.2693502453850189,0.5876348959034035,0.35392418076033233,0.30038002930075675,-0.1362731256481402,-1.2346927351304997,-0.08603358438908976,-0.27011145025157807,-0.3835965419083077,0.15600494668106535,-0.22478507468418377,0.1830890036652019,0.1808475710192934,-0.07767126180250142,1,0
90,0.019740828280041957,1.0623137869989976,-0.017562553142236693,-0.08822891430641666,-0.6450472765821412,-0.46943196423553124,-0.8583324888223971,-0.666237725288989,-0.5933047506651543,-0.5772468026600217,-0.24540815556356685,-0.1833131177929129,-0.3857191846387827,-0.24862023235501637,-0.7027631494326746,-0.45670637389447233,-0.653586431981489,-0.5959646374577601,-0.0157883798589129,-0.35763366225183374,-0.1825492979321,0.46652495582676573,-0.27419987798322726,-0.2699394780232922,-1.079298972937973,-0.6039751725275526,-0.9958567089942154,-0.8647929299642547,-0.7191381292426421,-0.6777499523353534,1,0
91,0.22765204384812696,0.7707206066147558,0.20882504336038046,0.09336774239410442,-0.48077170818781634,-0.16140035906810543,0.1140127120722381,0.4808028434324302,-0.48311421311289116,-0.2713526246171449,-0.44895308681207485,-0.6769559649563784,-0.47915207597601445,-0.3419879762378996,0.8753848637268024,-0.1402293737461445,0.2957994111014046,0.8049800358175728,0.40148953943649246,-0.611313478656349,-0.11816505823267773,-0.045248903366450176,-0.14103603943968396,-0.22316303192955395,-0.46948573092431584,-0.471280231078429,-0.114050201084381,0.3009458840136177,-0.6704902535528074,-0.8821777377002533,0,1
92,-0.3544993597425109,-1.0806646656661472,-0.4128361008546208,-0.39597286688287225,-1.8218709280441414,-1.0930466905465512,-0.8392880336681414,-0.744548714183138,-1.62289758591912,-1.3029178397487489,-0.12988265404414326,-0.10643881456389705,-0.1924413407941167,-0.19264281183263948,-0.8245707443853507,-0.8510387382965423,-0.5876027238258743,-0.25224882333635207,-1.1141157529266124,-0.8501305628081361,-0.1322491106669264,-0.5914540313738884,-0.22788202109851666,-0.22367894861441126,-1.547395053075217,-0.9072778958398356,-0.79859305606498,-0.4076872573217924,-1.4273939664917006,-1.1863741073102236,1,0
93,-0.3046006680061706,-0.26142668268184754,-0.33804375103315243,-0.38654647554269256,0.2606489987246238,-0.5468789071539091,-0.7538874265927689,-0.7110954762089384,-0.7551471026950421,-0.7838246891305352,-0.5104979224429583,0.2962361071118999,-0.46815997111281066,-0.43319442975312367,-0.38297886914347856,-0.6220226343553402,-0.44449881668669333,-0.4779772757900682,-0.23307558653864494,-0.7210950237049074,-0.3857620544834014,-0.02959832663271246,-0.4279172655193612,-0.4493065121253848,-0.1173400559586836,-0.6125917271671062,-0.7844080102732697,-0.7208285128297977,-0.4959302290186962,-0.992216617382316,1,0
94,0.1417154080799855,0.09265075064187449,0.21284613743680328,0.030709964662321513,0.3842191165433644,0.7465377245781838,0.8063205786860584,0.8183764266266264,-0.007917519918753089,-0.02372400429672291,0.11457755899249403,-0.45164104287323936,0.2678530503525402,0.040560418837802883,0.6764639334681685,0.5023301585038952,0.3893459340561999,0.9415969809064793,-0.6503535058340503,-0.1458397276504609,0.24399629007657245,-0.29722318877962367,0.3221425294074237,0.11063506317318962,0.7930853476110012,0.7959277379119047,0.9644708612079127,1.2542439415153583,-0.2727223287947504,-0.19455700510922658,0,1
95,1.5832331693520416,0.8332048595542362,1.5036173359685974,1.5788561188847792,-0.569451439798912,0.3250577631176241,0.5248459270351106,0.7849231886524267,0.8185115117232254,-0.8646019396093897,1.0800406788333907,0.5451624223296652,0.6562407555190728,0.9208539855854506,-0.34143209257047297,0.3845360034966099,0.21255414216246474,0.038062184977574486,0.6025612829311698,0.15513060046727942,1.449188776950132,0.8546592588234555,1.2658688634334054,1.357433718245261,-0.7572145141279432,0.41450158586767005,0.45884261605178855,0.4456562307705328,0.9506286628172606,-0.12902273898746405,0,1
96,-0.656663659701461,-0.36788133583799965,-0.6923021391660211,-0.6748831518305428,0.4278320993029189,-0.741462156028201,-0.9316356746991544,-0.6702926632252556,0.14703792351411807,0.4410762402619344,-0.26603770940632104,0.5488231034358088,-0.3257206122604621,-0.45005249462086644,-0.5249303557679149,-0.7797555801161681,-0.650802309274501,0.4261785062528774,0.1301507888065787,-0.1836721370210411,-0.8424877548511778,-0.8152572786663345,-0.8751740710623497,-0.8004738022849944,-0.9719374866679629,-1.08087274997804,-1.1884530242758558,-1.0235267536233865,-1.1412299918456161,-0.6141719329634941,1,0
97,-1.3200390448406973,0.11810729813573759,-1.322809690349153,-1.109051647087056,0.27518665964447603,-1.0498449944968438,-1.1480836929963576,-1.2144906776343372,-1.7468619406654164,0.7787516316079658,-0.37296756349126353,1.5225642776700092,-0.45304582692590556,-0.5449331417611113,1.2681907513261295,-0.6361781551287478,-0.8179053541479182,-1.1169719871377266,-0.3228011494959469,0.5793940484087855,-1.2267811855571042,0.025178691935368425,-1.2610597162330963,-1.0224899490019659,-0.21611262332709266,-1.0742667247543825,-1.3225703443258647,-1.5458266752687064,-1.5604602147021298,0.17419550724755464,1,0
98,-0.8174483330741135,-1.5249971310135637,-0.831029884802616,-0.7816231714178721,-0.6385053291682083,-0.6592735635433917,-0.7272970552453176,-0.56663831222944,-0.8171292800681904,0.37089272755079805,-0.7288273672787735,-1.2300848800946778,-0.7539546975561082,-0.6378686275704628,-0.29831157446061096,-0.7034168788024341,-0.49433461314177773,-0.8632991595521887,-0.4849557813464932,-0.4731576265798554,-0.7962115825672179,-1.4037189638548644,-0.8514361694089356,-0.7707226067915505,0.2777502135149539,-0.555148029570083,-0.5368560821018098,-0.6405664854532819,-0.3614331609350363,0.060733195753160364,1,0
99,-0.03570216253811384,0.07876536109976802,-0.021181537811016986,-0.14423276873924926,-0.07953226679990778,0.022997124070889417,-0.10541773976798986,0.06415797048103539,0.07472538324544525,0.11664302112554986,-0.5294083467988163,1.1711388914802225,-0.34129276081666754,-0.3979653967602764,0.28460229079095506,0.08777562156838567,-0.0410794364441382,0.27869430416826213,-0.6892706174781815,0.16897996461186687,-0.13828513313874746,0.7404100486671717,-0.08313871833379549,-0.23090178220241506,0.2777502135149539,0.11981541719494053,0.045188377480624604,0.43372135681119967,-0.4386974340894793,0.3527030231762351,0,1
100,-0.26024627535164574,1.284480019672706,-0.27973788692501833,-0.31002635760476305,-0.27142939094195034,-0.48611554604334495,-0.1968071692189147,-0.27797741789146035,-0.8550072773517817,-0.5706257165551973,0.04478090182450903,0.1443178412069402,-0.11916064170609166,-0.045891195868570565,-0.38675584883193387,-0.6235392972953481,-0.2287293068951266,-0.391815452466951,-0.6860275248411706,-0.5393643429783707,-0.00549263875868909,1.4306004826249956,-0.10919251283144547,-0.09315202734548687,-0.4351300553179128,-0.5022998277808215,0.033748824422793734,-0.13467701550204486,-0.5345623655959173,-0.6039016375265022,0,1
101,-2.097904206019426,-1.3884574671828473,-2.059474125149853,-1.5276943213126848,1.336435906793655,-0.6517220475672234,-1.229879029001648,-1.4156409426352632,0.2503415524693655,2.0076252126633283,-0.7542704836848371,0.5433320817765935,-0.718230356750696,-0.7657521786248658,0.9723273423971489,-0.8277832398830868,-0.9656865874348389,-1.9320162618158625,0.604723344689177,0.05007810659004356,-1.8283714252485808,-1.0312352375919123,-1.7937150704072702,-1.3335877099709836,0.9348025094874155,-0.927957626974764,-1.4163289211878467,-1.9010383614833615,-0.1325019812181686,0.3668858121130343,1,0
102,-0.656663659701461,0.25233273037610265,-0.7152223754016328,-0.6538123947172001,-1.343581883781018,-1.2716488242154635,-0.9444517545828358,-0.9670634334357686,-0.40735821854570947,-0.8275238574223741,-0.8632632931540553,0.6586435366201171,-0.8876919733917538,-0.6609944345044176,-0.6360365082699683,-1.0675170952670119,-0.6680638700578264,-0.8768056075325693,-0.705486080663236,-0.8173649939782588,-0.7398753728302236,1.0502914679951747,-0.8045393393131658,-0.7100164102066622,-1.04494329733157,-1.1093648239861635,-0.8923973911391931,-0.792437756585797,-0.4730371110470096,-0.8577246533264614,1,0
103,-1.2953669139266182,-0.006861207743223959,-1.248821559342969,-1.0985162685303844,0.1370788809058843,-0.277834198421585,-0.49277477101869827,-0.6479905045757891,0.30199336694698925,0.026596250099941366,-0.9048662267369428,0.019854683598057372,-0.7296804659831999,-0.7238879842033045,0.6160322584528876,-0.26560684345346924,-0.12237581948818663,-0.2056748647833157,-0.5303590782646461,-0.128950259181452,-1.2589733054068153,0.10969180629755074,-1.1623447837475565,-1.0309165881879705,0.8274410232174054,-0.296076953407508,-0.20648178979165438,-0.44662478361411706,-0.5760561419195998,-0.06935721311541201,1,0
104,-1.125156932114879,-0.032317755237086236,-1.1096917042987324,-0.9937169765719157,0.09273901510033646,-0.47434923045257116,-0.8711485687060784,-1.1112671637942502,1.238612936141232,0.23714678823335053,-0.3042023840154163,0.5909209361564605,-0.37518508414487906,-0.47836539843720377,0.1555554847687402,-0.25397909424674153,-0.16385924782230724,-0.5947226652296792,0.6598559195183628,-0.16914719413769333,-1.1020367211394737,-0.4412084947300089,-1.104447462641668,-0.9593761412210762,-0.6326751900547316,-0.7648175257992178,-1.0508580800962661,-1.4231958453365576,-0.2841688877805933,-0.5280970759677469,1,0
105,-0.39885375239703574,-0.8955261384380567,-0.3135150771669719,-0.4555809297693028,2.993729251656757,1.118845023868345,1.2506911989520224,1.0175752527457238,0.23312428097682428,1.84077384282176,-0.1811127127536496,-0.5259528693279548,-0.3257206122604621,-0.22916861904608238,0.01926946767698634,0.09637004489509744,0.5580637700996702,0.22280555390461865,-0.597382992762872,1.062770635991823,-0.14230914811996126,-0.5836287430070201,-0.17287956604792246,-0.22952600437612852,2.1286622368099266,0.7361862924110004,1.5012146906813366,1.0617940989211103,0.17512429152637154,2.649825769250241,0,1
106,-0.806359734910482,-0.25448398791079474,-0.7976548039683048,-0.7819004182219951,1.1329086539157296,-0.19476752268373307,-0.3830595450985842,-0.5324247733921906,-0.19386405203819793,0.28879125985097726,-0.47267707373124224,0.8160528241842925,-0.4425117264320021,-0.5326137866654531,0.45299263523457717,-0.20797365173316681,-0.14576245022688547,0.23833020675563066,-0.5779244369408063,-0.03774712944880332,-0.7801155226423624,0.4900008209273723,-0.7776170849989275,-0.7549011617892566,1.3814262923706568,-0.09042851601016448,-0.10169548378192377,-0.08395380117487868,-0.31278528524520177,0.22750323118242055,1,0
107,-0.6067649679651207,-0.20588512451342086,-0.6432447914336602,-0.6316326503873654,-1.0063081504404578,-0.7839613854754739,-0.9133098782299651,-0.9287949566622522,-0.8791114574413387,-0.3124033584670553,-1.1125370687540017,-0.5797648815882658,-1.040940235359586,-0.7788495982528812,-1.1468730111335166,-0.8464887494765184,-0.6407794675293443,-1.0691560563566094,-0.9173681329479497,-0.8768159229891704,-0.7499354102832585,0.2129856127402182,-0.7761696519712803,-0.7163793826532368,-0.7829812708327452,-0.49081108826141684,-0.5299923502671112,-0.6416107869247235,-0.05953016768341719,-0.7075827152713794,1,0
108,2.140435227074509,0.05562304519625723,2.3239205275588963,2.258110788985965,2.4703734585420922,2.880280029472268,3.877388692869163,3.2044539684985134,2.4059439433355267,0.9760599975317245,2.6527003334460195,0.6110546822402502,3.1734327691927318,2.6959217645440634,-0.18437268719221622,3.0063406724570387,1.929801027832637,1.9180976452351413,1.0944303328778264,0.366586745699272,2.290207908023835,0.29436861175565365,2.7335659534676786,2.406464310788659,1.437254265231062,2.4009046487727352,2.980120109997711,2.440272041224097,1.4743087364195953,0.5659339189157001,0,1
109,-0.8895242211377162,0.4235858680620866,-0.9058222346240843,-0.8262599068816643,-0.8013271314705476,-0.8261093816215299,-0.6150665239274716,-0.934370496324619,-1.2751087017697873,0.3007092148396617,-0.7188564162547757,-0.4119226528715813,-0.6980781645014892,-0.6236041111439111,0.6333434153583064,-0.5886560496751649,-0.28552541011768096,-0.9330048508532331,-0.5746813443037955,-0.49815403991398866,-0.8062716200202528,0.4727851865202606,-0.821619049039403,-0.7610921620075455,1.428665346329461,-0.3569672728603526,0.011327300429445169,-0.6660772785413565,-0.27987642816090247,0.09790188400132381,1,0
110,-1.3228111943816054,-0.5645910210178459,-1.3071274234511032,-1.120973259664342,0.3696814556235122,-0.5049065276584616,-0.7107679054887939,-0.9650359644676352,-0.9410936348144869,1.0104896452768115,-0.13916595327338258,0.3895834753185618,-0.1713731398063096,-0.48398475339311803,2.1243061473759455,0.10648113116181712,-0.20784838659271693,-0.3438442751573235,1.2771245514294418,0.2318087873165802,-1.2006250881792138,-0.7291791066307787,-1.1779770604461461,-1.0209421989473937,0.43235075374376797,-0.604549609503523,-0.8214721621806417,-1.105280640244819,-0.7033991106371068,-0.08011657023988034,1,0
111,-0.5319169303606097,0.3078742885445302,-0.516982437433977,-0.5936498382225236,0.05203356452475116,0.14241644648471471,0.04574013699094447,0.11028288950606821,-0.42113203573974284,1.0171107313816348,-0.34752444708520014,1.0832825449327756,-0.18786129710111524,-0.5356395931801762,1.828442738446965,0.6676464189647627,0.45449440539971814,1.6308915674914175,0.047992442002301954,0.6550588671499459,-0.7418873803208305,-0.10315603728127905,-0.6765862596691522,-0.7450987447769659,-0.3406519474003037,-0.32594767615796,-0.4023269381417189,-0.2525338958504605,-1.1426608117188466,-0.07131345986531529,1,0
112,-0.08005655519263868,0.05099458201555425,0.1135251137491544,-0.17916586605873885,-1.4715132998757146,1.9407309487164368,2.3670076897549297,0.5606344340526792,-0.5278791189934982,1.942738568836051,-0.2773839640198358,0.510385951821301,0.1272457089773923,-0.3460944279364524,-0.5674213772630347,2.3885533015604627,3.0295294970928794,1.6262341716361135,0.5041874729418383,3.0496477066860415,-0.34552190467126226,-0.37547607244831116,-0.1555103697161561,-0.4327971782099477,-2.024509498059141,0.7901833681522024,1.6874506144628234,0.34420980211620045,-0.8965597935232139,1.0701565187032878,1,0
113,-1.1196126330330636,0.17596308789451579,-1.0602322471587289,-0.9989846658502516,0.9875320447172118,0.3074960980567674,-0.4542067549201429,-0.6381065933561393,0.22279391808129972,1.9599533927085946,-0.37778112605457287,1.1876119564578689,-0.49472422453221987,-0.5479589482758344,1.5042519818545717,0.5185078965306468,0.31250414734333226,0.4649901383804077,0.20257985769982273,0.9594070889614881,-1.1784930057825376,-0.5288517244389386,-1.1507653195263787,-1.0082162540542443,-0.28482397453989866,-0.4414095083279768,-0.8237600727922079,-0.9856335288025035,-0.9180220916216703,0.1927798513716367,1,0
114,-1.6141641111310148,-0.8330418854985764,-1.574932288940877,-1.2853806145092415,1.1910592975951373,-0.5405567077320007,-0.7349627478860242,-0.9280346557992024,-0.7172691054114518,1.7626450267848341,-0.9523142005752773,-1.1435097719343814,-0.809373226241427,-0.7844905661124721,0.3651778574779963,-0.2570124201267575,-0.05834099722746361,-0.31745236531060295,-0.42333702124328554,-0.0492319680077295,-1.4867325533435214,-1.018714776204922,-1.3864074164273448,-1.162991259511467,1.536026832599471,-0.26046186089735346,-0.2925072287865425,-0.3345861543208764,-0.14108690045755098,0.7522664218439936,1,0
115,-0.725967398224156,0.48607012100156693,-0.7429679245289516,-0.7095390023459095,-0.06790213806402583,-0.6023737687462161,-0.8312630116849016,-0.9067462316338026,-0.5829743877696297,-0.1429035541835565,-0.45273517168324645,-0.5279662439363337,-0.5135024036735262,-0.4424879783340588,0.2210231327019614,-0.10837945200597739,-0.45480007070254874,-0.7349102804743186,-0.8881802992148514,-0.032342499538720454,-0.6734791256401944,0.003267884508135848,-0.7188513040764506,-0.6494821858500595,0.5740679156201811,-0.2403565667383953,-0.7285829913510552,-0.8198879666922633,-0.8393269985939973,-0.04441506705414451,1,0
116,-1.5520679614146806,-0.8492415066310344,-1.4583205607246092,-1.245734321519662,-0.2903283501377584,0.20212610769162737,-0.12038979570687006,-0.8307161453288034,-1.9018173840982877,1.140262932931364,-0.4479216091199373,-0.4251011048536983,0.0727431890306736,-0.6121492721953167,3.5406735305465977,2.041743042611975,1.613246276048106,1.651073616197733,0.3074398529631758,0.5570999500296936,-1.5297895136425101,-1.417804482915228,-1.419408889457701,-1.1877552603846226,-0.8044535680867472,-0.5390637942429163,-0.7098221243362124,-1.327269295888417,-1.9639514189531084,-0.44495658909685504,1,0
117,0.08904456680273695,-0.6386464319090812,0.14609597576818106,-0.03333404709007606,1.2782852631142474,0.9151297091624077,0.7943429339349543,0.845747257696426,1.032005678230737,0.6171971306502566,-0.05802304149188287,-0.48001132144585246,-0.06053608243567181,-0.08825248707469358,-0.03644098272772597,-0.08006841045916203,-0.12738724036076493,0.04116711554777705,-0.5379262944176717,-0.02288439719607548,0.3606927245317749,0.1942049206597336,0.4263577073980228,0.2310156229732517,2.1973735880227325,0.9550467802556593,0.7361373821736087,1.122960327962693,0.8018233960012964,0.9870160318323953,0,1
118,0.3413101750253468,0.8054340804700224,0.4299852175636473,0.2441900038369799,1.2274034498947668,1.0960148592892314,1.324952596408868,0.9866563509816908,0.8219549660217343,1.3627314260534558,0.37313463382168016,-0.25469639936271316,0.2183885784681233,0.28889268208186064,0.5030376161066067,0.6342798342845875,0.6908664232229956,0.22591048447482093,-0.6535965984710613,0.6864732785023024,0.6383497582355337,0.6840679724257169,0.5189934211674448,0.5354064670391229,2.0986010206543235,1.2106712345624127,1.9496451705483069,1.1334033426771095,0.35683841542663575,1.9015613874122106,0,1
119,0.9428666254023393,0.13430691926819555,0.7717782140596051,0.7970201312581081,-1.0608243788899019,-0.8002937339820706,-0.356349397303622,0.0025736005739862775,0.9355889578725063,-1.6909134854914436,0.3683210712583706,0.005211959173482924,0.10800952546678581,0.18968945420629704,-0.9684107208540147,-0.9500262728477286,-0.3278440752638979,-0.40081975112053786,3.1505510647427517,-0.6923829273075921,0.716818050369204,0.26619757363492563,0.48714989455920554,0.5164895219276846,-1.26396072932239,-0.927957626974764,-0.38722672810538217,-0.13318515625712837,2.657596771581154,-1.2328349676204282,0,1
120,-0.8701191743513615,-1.9924719122644916,-0.8712408255668462,-0.8074071242013049,-0.3550209412310989,-0.8067915500545875,-0.80922414534287,-0.7508845547085545,-0.6552869280383036,-0.25016514908170845,-1.0406774562017413,-1.3735835794555074,-0.9243323229357663,-0.751336371872578,-0.3338781331935627,-0.6028115704485727,-0.5441704095968622,-0.9291236876404801,-0.816832261200611,-0.5896949590160174,-0.8444997623417846,-1.5899608269863403,-0.828856214177639,-0.7741620513572666,0.7802019692586003,-0.2455264995221275,-0.4544913000854276,-0.5646308498870241,-0.012313111866813707,-0.05321817742870955,1,0
121,1.1396892428067933,-0.5345060103432806,1.0612969875620637,1.0604045951748944,0.49325157344225173,-0.04900570267862276,0.5152638112342273,0.7803613834741268,0.3743059072156621,-0.11774342698522527,0.9260066768074926,0.6769469421508352,0.8124202454504258,0.9770475351445932,0.31513287660596684,-0.313634503220388,-0.03523277875946363,0.5534806596311767,-0.059029615019058665,0.20883911019872814,1.0528233013005641,-0.19236432466358278,0.9561181955169026,1.011769539390797,0.586951293972582,-0.3023957601431805,0.08087978302105678,0.5963340145071147,-0.186873136400925,-0.08598531048959081,0,1
122,2.6893208361742533,0.17827731948486647,2.862747133799582,2.956772735375756,3.349901944193124,3.0541405135747492,3.882179750769605,3.6834435122200073,2.7468459188878436,0.7615368077354223,3.6635484717409748,3.493841053328343,3.0621377074527936,4.057534696169445,5.108120101255452,3.5816614810333918,2.5924222320957706,0.8965754876385443,2.6457096442480514,2.000811714760583,1.8113501252593822,-0.334784572940594,1.9837956451464227,1.9129040156084043,1.41578196797706,0.8194796539266842,1.2390201345958536,1.4526612210892733,0.28243578201865327,-0.30459588479128996,0,1
123,-0.013524966210851424,-1.9762722911320336,-0.02922372596386317,-0.1492232112134619,0.834886605058769,-0.05076186918470848,-0.17081568010901862,0.04869851959901893,-0.004474065620245223,0.13253362777712718,-0.5177182662879223,-0.6482196182731512,-0.5464787182631375,-0.45545572054001476,-1.0332488721724933,-0.7307168117225773,-0.1633024232809097,-0.06905791969440904,-0.2049687836845503,-0.38634575864914905,-0.26504160504698476,-1.5883957693129667,-0.2770947440385219,-0.3700273148856296,-0.22899600167949366,-0.5913375590562077,-0.24491868806596614,-0.0794782234401288,-0.19402723576707712,-0.3060630698537169,1,0
124,-0.32677786433343303,-0.703444916438913,-0.35814922141526756,-0.3909824244086596,-1.9963228590823625,-0.694396893665105,-0.2606480157422997,-0.706026803788605,-1.4989332311728234,-0.6341881431615094,-0.9612536739071376,-0.13023324175383072,-0.8693717986197476,-0.6614266925779495,-0.37196267838548475,0.2773584890693808,0.41440303841909165,-0.3205572958808052,-0.9638524607451062,0.04197116172491904,-0.5547706836943848,-0.5288517244389386,-0.5900297646158491,-0.5650438217617301,-1.4658003235100094,-0.16453088591032464,0.09735273942433319,-0.5616471313971909,-1.3973467491538616,-0.49092838771958347,1,0
125,-0.1937146863698585,-0.5136779260301205,-0.2640556200269685,-0.29339154935738704,-0.7824281722747406,-0.9032050912386907,-1.0597964735359688,-1.12647318105525,-0.8377900058592405,-0.5454655893568652,-0.7735247339380743,-0.6498669247709159,-0.7447946101701051,-0.5911847556290211,-0.7874304441155425,-0.9122613656415304,-0.7115797079680481,-1.1846594735681395,-0.9216922564639642,-0.7579140649673469,-0.30729376234973044,-0.3989519375489177,-0.34946639542088254,-0.403733871629647,-0.8989316760043563,-0.8429409545311695,-1.0450010289306568,-1.139593402877902,-0.9452076692130484,-0.709049900333807,1,0
126,-0.26024627535164574,1.2173673035525234,-0.29139905974664476,-0.3380282848211793,-0.43861249152024645,-0.6000907522883049,-0.5968605039057934,-0.633798221798856,-0.33160222397852784,-0.2276534563253059,-0.7305464967656697,-0.37732921641852435,-0.627087487259965,-0.5496879805699619,-0.9482668291822544,-0.782283351682848,-0.4656581492598018,-0.8639201456662293,-0.8395339096596875,-0.8399968817267308,-0.02561271366475811,1.488507616539824,0.02397132571209824,-0.1925519752946809,0.44952859154697006,0.03824536660716753,0.3206528151131917,0.08164257501086952,0.6372791105797977,-0.3579036087261559,0,1
127,1.2339423271976584,-0.12025855567042888,1.1417188690905242,1.2295251456898835,-1.19529774239853,-0.5709383882872826,-0.11943158412678177,0.010430042825502792,0.3054368212454971,-1.6657533582931123,0.8462390686155097,0.2394955499666741,0.9594396479957762,0.7773443051728707,-0.8412524046760274,0.004864714181283834,0.1590989861882958,0.18088899120688604,-0.07524507820411337,-0.42755606171353105,1.0669073537348128,-0.06246453777356133,1.037174445065146,0.9928525942793588,-1.482978161313211,-0.3179055584943768,0.05113694507069651,-0.08395380117487868,-0.26270658968213695,-1.0225384420058183,0,1
128,0.15280400624361645,-0.703444916438913,0.1838942600865575,-0.055513791419910696,1.1910592975951373,1.1926040171239431,0.13317694367400482,0.7471615791209437,0.4948268076634508,0.21860774713984274,-0.0432385279045756,-0.2620177615750004,-0.14893092571060199,-0.1172137780013286,0.5996653464695822,0.7399406857718088,-0.07365367211589742,1.5734503519426724,0.2739278957140628,0.34868390912212244,-0.1825492979321,-1.220607216070136,-0.18735389632439456,-0.34062006384875726,0.08449953822893566,0.03767092963119736,-0.5194679614539068,0.22187734403303513,-0.6218423778629729,-0.41708007291073224,1,0
129,1.4529421409293743,1.316879261937622,1.4231954544401366,1.3792384199162673,0.2097671855051432,0.8097597187972682,1.8184315601543592,1.4963113628462013,1.1869611216636082,-0.25016514908170845,0.17818535000765287,-0.022243149122593966,-0.16312906115890669,0.39047332936184936,-0.6508296787164174,0.23135304655580594,0.35816375973793485,-0.3127949694552992,-0.5638710355137592,-0.24582538098699427,1.1292795859436278,1.1661057358248315,1.051648775341618,1.0805584307051184,-0.3921854608099088,0.5994702921300851,1.179534458695133,0.6828618507122804,0.40119383149677873,-0.08158375530230795,0,1
130,-0.6538915101605534,-1.420856709447763,-0.6404300255801644,-0.6618525520367651,0.5804775389613628,-0.31085012873599566,-0.8879172713576243,-0.6852452468652387,0.07816883754395311,0.22390461602370185,-0.8354133954663369,-0.7227144787831736,-0.5258685216446304,-0.6488912084455254,-0.10316762389043206,-0.13416272198611273,-0.6822628958634649,-0.6754508600549421,0.6079664373261882,0.06460304947339118,-0.7398753728302236,-1.301990215085571,-0.6076884475531451,-0.7144876881420928,0.2605723757117518,-0.13351128920793198,-0.9626362469142745,-0.6796531976700981,0.6358482907065675,0.29792811417894155,1,0
131,0.2526013897162976,0.011652644979585495,0.269141454506726,0.15075783084755134,0.7694671309194362,0.16700277756991425,0.5260436915102211,0.6338767505264951,0.2537850067678734,-0.6699420081275597,0.10598191155801309,-0.7783568315965564,-0.012445623659155417,0.06584751613941715,-0.2709284717193116,-0.625561514548692,-0.18251286995912658,-0.2351717052002386,-0.7595376246134181,-0.5035586698240715,0.451233061609088,-0.020207980592470167,0.3626706541815458,0.33591868222759147,0.7716130503569992,-0.24322875161824647,0.3183649045016255,0.3576365353204505,-0.2684298691750588,-0.29970526791653146,0,1
132,0.4466518575798434,0.4883843525919176,0.45009068794576246,0.3196011345584175,0.15888537228566157,0.27412893444113956,0.01938931853851541,0.00688197213126947,1.0423360411262617,-0.5441413721359009,-0.03533053226485327,0.09855932738014483,-0.12694671598419446,-0.03422022788321017,-0.6999304146663332,-0.3889620959074502,-0.3478897587542112,-0.49893555713893456,-0.6103553633109156,-0.5332841343295274,0.4934852189118333,0.8687447778838193,0.5016242248356777,0.3685934056018941,0.12314967328613978,0.13647408949807735,-0.047243211226648756,0.05628096784728674,0.651587309312102,-0.4953299429068664,0,1
133,0.3219051282389926,-1.2727458876652908,0.28120473673599494,0.18624542177528697,-0.2903283501377584,-0.31910411131459826,-0.37527407601036655,0.08798073085660185,-0.1422122375605742,-0.7666098652579917,-0.4530789975806258,-0.7241787512256311,-0.5263265260139306,-0.3744073317527897,-0.5929159901601062,-0.6098893308352764,-0.4985107972022597,0.03650971969247334,-0.4654972255244277,-0.5478090772128751,0.0971197432622654,-1.0766219101197507,0.05581485232033673,-0.06512055413490106,-0.6154973522515295,-0.49885320592500015,-0.6343210741545288,0.14877624103211895,-0.4315433347233272,-0.7633357476436249,1,0
134,1.0814741024477292,0.5740109214349096,1.0130438586449872,1.0548596590924357,-0.3135886076095213,-0.27572679861428234,0.15114341080066104,0.3196190604658324,-0.5692005705755974,-0.7613129963741325,0.5240742027711649,-0.01675212746337875,0.2953333125105496,0.49897010581834794,-0.34615331718104164,-0.6569058819755232,-0.17081955458977716,-0.5118210190052745,-0.6568396911080723,-0.5900327483853977,1.1071475035469516,0.8233581053559806,0.9619079276274911,1.0822781529879764,0.4237618348421669,-0.31158675175870415,0.39798419378412847,0.15623553725670222,0.12075313634361595,-0.4997314980941485,0,1
135,-0.4931068367879009,0.7036078904945725,-0.5342731419625962,-0.5218429159546839,-0.5861697498567412,-0.9690613352169032,-0.6656121847771312,-0.7303564314062048,-0.9376501805159791,-0.3137275756880196,-0.7109484206150533,0.30904849098340237,-0.762198776203511,-0.5488234644228981,0.12533964726109945,-0.7681278309094405,-0.3164291721652473,-0.547217227505582,-0.48927990486250794,-0.4468100557682014,-0.5084945114104249,1.1332395246839826,-0.5885823315882016,-0.5280697926802825,0.22621670010534878,-0.7435633576883194,-0.420172640911935,-0.508984500051633,-0.27987642816090247,-0.2762303069176909,0,1
136,-0.7869546881241274,-0.6386464319090812,-0.8157497273122086,-0.7511260229643494,0.47144508206247443,-0.910405373913642,-0.7996420295419866,-0.7567135279919378,-1.7847399379490079,-0.4726336422037992,0.018650133623687056,2.3736726348483983,0.06266709290607027,-0.23543636111229443,-0.16454354382782718,-0.6781391631356347,-0.22455312283464465,0.09705586581142053,-0.8006167980155565,-0.08267311557636736,-0.7418873803208305,-0.10159097960790506,-0.7588004556395139,-0.7119081047178059,-0.4093632986131109,-1.0279096607935845,-0.9376980212482033,-0.861510839625438,-1.8781022265592835,-0.6303109686501972,1,0
137,-0.864574875269546,-0.934868075474026,-0.8824998889808308,-0.8171107623456075,-0.1616700509970697,-0.7709657533304399,-0.8103021333704693,-0.6870192822123553,-0.42457549003825074,-0.578571019880986,-0.9199945662216291,-0.39782903061292835,-0.9060121481637601,-0.7044363708943703,-0.6193548479792917,-0.6068560049552606,-0.5664433912527659,-0.5965856235718007,-0.6471104131970393,-0.7984487892929687,-0.9451001368721319,-0.6431009345952223,-0.9391506108843563,-0.8575685820758809,-0.7572145141279432,-0.6717587356920401,-0.7761715320716315,-0.6365384654920068,-0.49879186876515674,-0.9129886240112306,1,0
138,0.11122176312999937,-0.43036558877748005,0.07411839180020852,-0.04553290647148505,1.314629415413877,0.31100843106893883,0.6134804981932815,0.7699706050124434,0.3433148185290884,-0.11377077532233049,2.9311993103232012,0.4408330108045724,2.426427642864177,1.2240830241680556,0.9125251639966105,0.38352489486993796,0.8654309169511405,2.41643900175263,3.3170298201093127,-0.35966039846811493,0.3083805297759947,-0.7354393373242736,0.26135034224624104,0.018457948811999206,0.19186102449894576,-0.3753492560914,0.11885909917305539,0.585890999792698,0.5571531976788942,-0.7261670593954608,0,1
139,-0.9061571183831632,-1.3977143935442515,-0.8849125454266847,-0.8586977829640474,1.2928229240340996,0.01421629154046132,-0.6747151947879703,-0.20017329623934457,-0.29716768099344537,-0.30445805514126567,-0.3612774829803696,0.2413258905197457,-0.5817450546992495,-0.40920410667210505,1.3122555143581056,0.39262487250998573,-0.35679895141657264,1.1185780234080176,-0.5617089737557516,-0.17218729846211492,-1.0255804364964096,-1.6212619804538155,-1.0375760567643668,-0.9057208059959058,0.0029048086637274897,-0.5718067018732197,-1.0196509793545037,-0.6163983656856319,-1.320082475999419,-0.9036964519491899,1,0
140,-1.3336225775911459,-1.7263352793741118,-1.3577932088140334,-1.125686455334432,-0.4444275558881869,-1.260409358576515,-1.229879029001648,-1.4156409426352632,0.15736828640964262,0.15901797219642455,-0.8412584357217839,-1.3089725579320728,-0.8716618204662484,-0.7132976614017736,-0.3338781331935627,-1.0898625959164625,-0.9656865874348389,-1.9320162618158625,0.191769548909786,-0.24717653846451487,-1.2871414102753127,-1.8826266119072317,-1.327062662293809,-1.0623875059642722,-0.5682582982927255,-1.2046064746020282,-1.4163289211878467,-1.9010383614833615,0.1150298568506941,-0.23514912516972092,1,0
141,0.43279110987530417,-0.3192824724406258,0.40585865310510877,0.32847303229035146,-0.10206564122567735,0.015972458046546793,-0.09835092936483848,0.09051506706676837,0.012743205872296017,-0.0713958242514558,0.8988444309145328,0.22119214443595606,0.6466226637637695,0.622812043885228,-0.10411186881254596,-0.3960398562941539,-0.11179615320163243,-0.12028927410274907,-0.2428048644496777,-0.17488961341715642,0.5840255559891464,-0.13445719074875392,0.481360162448617,0.4683372980076598,-0.2247015422286937,-0.3339897938215433,-0.1341838144661634,-0.08693751966471207,-0.3328167634704278,-0.23172569335739002,0,1
142,-0.864574875269546,-0.49053561012660973,-0.8583733245222929,-0.8221012048198203,0.7694671309194362,-0.3148893116999926,-0.9866130641067226,-0.9440009739232521,-0.7310429226054842,0.3444083831315007,-0.5472872934625366,1.275468303005315,-0.5423566789394361,-0.5161879798712422,-0.13747518939389913,-0.4986673819013593,-0.6432851779656334,-0.4540693103995094,0.19717470330480436,-0.14381299143417986,-0.8525477923042126,0.09873640258393501,-0.8601207675748188,-0.7870599684787017,0.2004499434005468,-0.5890398111523266,-1.0636246213088056,-0.9459500728877206,-0.6304272971023553,-0.2620475179808917,1,0
143,-0.4570688927560993,-0.8122138011854163,-0.4530470416188511,-0.5054853545114307,-0.8609315412419399,-0.31085012873599566,-0.6436930948826106,-0.633037920935806,-0.2730635009038874,-0.08861064812399835,-0.7879654216280023,-0.805262837726712,-0.6559417625258748,-0.6186331432982947,-0.559237921271382,-0.585622723795149,-0.5452840586796573,-0.754626589595104,0.004751206842156195,-0.6974497678482949,-0.5105065189010318,-0.6744020880626972,-0.4400757029515978,-0.5449230710522913,-0.23329046113029359,-0.15476545731883048,-0.4599822855531865,-0.39127680562770917,0.7503138805650013,-0.25128816085642336,1,0
144,-1.0530810440512763,-1.0320658022687732,-1.0755124046491362,-0.9404855901803126,-1.503496153899388,-1.0782948918954316,-0.9602622456542933,-1.2160619660846406,-1.578132680038513,-0.8129574679917612,-0.6566239288291339,0.05097047300027828,-0.6023552513177565,-0.594858949254042,-0.17430074135633605,-0.4754118834879039,-0.40385062516466913,-1.0607727438170629,-0.46333516376642053,-0.5376753961314696,-1.019544414024589,-0.8465584321338099,-1.001100744467657,-0.8933388055593281,-1.2467828915191885,-0.915894450479389,-0.9699575608712864,-1.391866801193308,-1.0367801410997952,-0.9110323772613274,1,0
145,-0.7342838468468793,-1.1061212131600096,-0.6794346381214678,-0.7256193169850397,1.2055969585149886,0.2952029325141676,-0.7855084087356838,-0.6545797787222224,0.47416608187240167,2.03543377430359,-0.16254611429517077,-1.0201448186573419,-0.0458799426180668,-0.43730088145167634,0.966032376249724,1.0210288839866177,-0.18919476445589758,-0.208779795353518,1.110645796062881,1.8481309198007418,-0.7781035151517555,-1.5054477126241579,-0.7559055895842193,-0.7757098014118388,0.2476889973593508,-0.17257300357390798,-0.9852865619687796,-0.99965700570472,-0.42582005523040534,0.8451881424644025,1,0
146,-0.7620053422559572,-0.6594745162222422,-0.6440490102489452,-0.7278372914180231,0.7621983004595101,1.004694200972777,0.7572122352065311,0.46356935720329706,2.826045367753532,1.4157001148920487,-0.4255729257902869,0.39324415642470545,-0.38480317590018226,-0.4440008815914203,-0.5268188456121424,0.46087470481034415,0.32865205904386235,0.9291772586256696,3.814304024450988,0.23079541920843982,-0.6593950732059457,0.03926421099573214,-0.5917666842490255,-0.6345206019891945,0.08020507877813572,0.7321652335792089,0.644620957710962,0.8812791302861953,3.93388809850269,0.8158444412158522,0,1
147,0.11122176312999937,-0.1526577979353448,0.11392722315679692,-0.013926770801470756,-1.2527215030319454,0.06865745322911682,-0.14590217902672198,-0.5129103845739075,-0.39014094705316826,0.2530373948849278,-0.07383903277132774,1.2772986435583873,0.06862114970697225,-0.12607506850873196,-0.4125652100363767,1.089784270600312,0.5107336840808749,0.43859822853368713,1.358201867354715,1.8295525044848315,-0.15438119306360268,-0.10315603728127905,-0.15261550366086182,-0.259621144326144,-1.5860451881324205,-0.170275255670027,-0.27237361540476024,-0.6471306661309151,-0.24696757107660244,0.28667969536699694,1,0
148,-0.03015786345629836,-0.9834669388713998,-0.041689117600774664,-0.15088669203819957,0.07892823722647659,-0.18774285665939044,-0.21333631897543834,-0.013646151171080232,-0.4590100330233332,-0.29254010015258225,-0.697539210617263,-0.8634676673143955,-0.45854187935750745,-0.520078302533029,-0.4390040678555622,-0.21454585780653454,-0.098710776478789,0.3858144088402459,-0.6979188645102105,-0.4809267820755995,-0.23486149268788054,-0.9827184497173256,-0.10919251283144547,-0.33322525803246783,-0.21611262332709266,-0.047345742812396986,0.0035484043501202754,0.48444457113836564,-0.4773295706667004,-0.46402999490841274,1,0
149,-0.22420833131984416,-0.3516817147055417,-0.2769231210715219,-0.3036496811099357,-1.3937368139545074,-0.8610570950926347,-0.8848030837223372,-1.0788276603041174,-1.3233170619489032,-0.9559729278559626,-0.6652195762636148,-0.8305215373591031,-0.709070269364693,-0.5142428185403488,-1.3417022133963243,-0.5709616487084055,-0.47011274559098254,-1.0272394936588767,-0.8330477243856658,-0.6673865139734588,-0.33747387470883466,-0.5742383969667773,-0.43949672974053905,-0.403733871629647,-1.6972716879081506,-0.5706578279212792,-0.7006704818899477,-1.0030882819680285,-0.9652391474382744,-0.7912122638297476,1,0
150,-0.4293473973470214,0.31250275172523234,-0.4622955579946237,-0.4855235846145798,1.082026840696249,-0.6480340979044434,-0.8542600896070216,-0.745309015046188,2.350848674559395,-0.28459479682679356,-0.08002789892415388,0.20288873890523798,-0.11366458927448977,-0.22657507060489107,-0.02636903689184581,-0.7984610897095996,-0.42306107184288605,-0.14202378809416596,0.9203843613582405,-0.8170272046088786,-0.5748907586004541,-0.31600388086010883,-0.623899697462794,-0.5915275449177437,-0.29770735289229966,-0.9836780136438766,-1.0451383035673507,-0.9617637808838371,0.24523446531466245,-1.0743789808782567,1,0
151,-1.7547120928550406,0.29398889900242287,-1.678274406704949,-1.3602372516224333,-0.331760683759336,0.31100843106893883,0.3523678426192108,-0.8661968522711364,1.2558302076337733,2.594253441550749,-0.8594812082828835,1.3743066928711927,-0.8602117112337444,-0.75760411393879,1.6773635509087623,1.362278045488409,1.1928437472929245,-0.3453967404424247,0.22636253703790263,2.6443004634298255,-1.5945761548400537,0.5619934739025643,-1.571678843966188,-1.2224936504983548,1.1323476442242337,0.8573924943407195,1.0459204789796686,-0.725602462413531,0.42551776934169555,3.045965736105669,1,0
152,-1.3355630822697813,-0.9464392334257817,-1.2556574192728884,-1.0932485792520488,0.6240905217209184,0.8273213838581244,3.6905374347519384,0.5755870176926625,2.378396308947462,3.9648182652493484,1.3100602041801,2.6592057611275997,0.43594065388569775,0.09913138780137092,1.217831022146729,3.470439532099475,10.059439332237474,6.263447978233431,1.5635977343654066,8.744776474435875,-1.2066611106510348,-1.039060525958781,-1.1965042032000304,-0.9977259481288104,-0.3191796501463017,-0.02609157470149848,2.3431657957376886,0.4426725122806994,0.11932231647038569,1.9357957055355195,1,0
153,-0.9421950624149643,-1.4694555728451366,-0.9705618492544952,-0.8667379402836126,-0.07807850070792216,-1.0828609248112544,-0.9924821100347635,-0.963008495499502,-0.0940038773814593,-0.26075888684942666,-0.7508322247110447,-0.7864103300300725,-0.7750228985439154,-0.643704111563143,0.6037570744654083,-0.9215635650069125,-0.6327055116790793,-0.6540268391205455,0.3117639764791902,-0.7879773188421831,-1.0114963840621611,-1.5383139237650068,-1.0456816817191912,-0.8940266944724711,-0.10875113705708256,-1.1031034609480879,-1.090713482949749,-1.0796206612322525,-0.2369518319639898,-0.9095651921988998,1,0
154,-0.3877651542334043,-0.9464392334257817,-0.38991586461900923,-0.4314604578106079,-0.34702522772517946,-0.4883985625012564,-0.11679650228153887,-0.5329316406342239,-0.12155151176952508,-0.12568873031101394,-0.593016137813975,-0.7659105158356684,-0.5964011945168545,-0.48571378568724555,0.4668415607589121,-0.35610106554061094,-0.11736439861560831,-0.45158536594334764,0.7236367413795776,-0.15968909179504837,-0.4521583016734306,-0.8809897009480322,-0.4256013726751257,-0.4873123745765473,0.4795898077025719,-0.32250105430213866,-0.03946431514732386,-0.4506528035753919,1.1795598425341283,0.0005786081936326821,1,0
155,-0.6372586129151064,-0.3447390199344881,-0.673000887599191,-0.6493764458512331,-0.877649851299769,-0.807845249958239,-0.7645475304212516,-0.8248871720454204,0.38807972440969546,-0.09788016867075225,-0.7683673454773858,-0.4188779469732542,-0.7498326582324069,-0.6214428207762518,-0.4981767496413582,-0.5861282781084851,-0.4105325196614403,-0.7018427699016627,-0.32496321125395444,-0.49578951432832735,-0.68957518556505,-0.14228247911562278,-0.7460630449962186,-0.6818129647677903,-0.641264108956332,-0.5913375590562077,-0.5272468575332319,-0.6760727354822981,0.1264764158365378,-0.24444129723176158,1,0
156,0.8680185877978288,0.3032458253638272,0.9004532245051423,0.7462839661036116,0.9366502314977312,0.9432283732597787,0.9919740723281726,1.2555494228803707,0.3915231787082033,-0.17998163637057207,1.2646751857260408,0.34565530204483846,1.1078330636490268,1.0513959237920742,0.609422543998091,1.128711952727183,0.4837276938230918,0.9260723280554672,-0.34766485971303074,0.3432792792120397,0.6946859679725277,-0.1594981135227339,0.5942599386050997,0.5869981355248638,0.22192224065454885,0.39094966985289054,0.2231878230604728,0.35912839456536694,-0.8035565017632368,-0.4371316020972413,0,1
157,0.6351580263615737,0.007024181798883337,0.5385547576270693,0.5147828846609626,-1.7564514539048086,-0.7123097920271788,-0.613030324319784,-0.7133763787980884,-0.045795517202343435,-1.3691287007969903,0.12179790283745796,1.5536800670722297,0.1638860585214048,0.029105579889208377,-1.1512794874367143,-0.03052408775223522,-0.11485868817931916,-0.208779795353518,-0.6265708264959703,-0.8217562557802011,0.2419842825859652,0.30375895779589596,0.22950681563800213,0.12267311915319583,-2.099662538448148,-0.6361436431818857,-0.5551593669943392,-0.6425059024716734,-0.7119840298764899,-1.3008145421795692,1,0
158,-0.6899294541923544,-1.548139446917075,-0.7305025328920401,-0.6818143219336161,-0.40008769008263906,-1.0603819935333578,-0.9936798745098739,-0.9181507445795525,-0.9204329090234379,-0.5229538966004635,-0.8983335346867374,-0.883418379342878,-0.8931880258233557,-0.6919008867619462,-0.4950292665676458,-0.8809169982146992,-0.7334350712179035,-0.9581547884718727,-0.6860275248411706,-0.48025120333683907,-0.7801155226423624,-1.2080867546831457,-0.819013669589638,-0.7358122444495325,-0.3921854608099088,-0.910724517695657,-1.0211610003581373,-0.853007241929413,-0.730584688228485,-0.35888173210110785,1,0
159,-1.0114988009376593,-1.49722635192935,-1.0582217001205176,-0.9086022077061754,-1.705569640685328,-1.3278461524102048,-1.192868106720736,-1.248678873109485,-1.4300641452026583,-0.7401255208386952,-0.5558829408970175,-0.8232001751468159,-0.6014392425791562,-0.5775686263127673,-0.30177380584169466,-1.0656970997390023,-0.9145979357616099,-1.3768546758636695,-0.5000902136525444,-0.4346496384705149,-0.9370521069097043,-1.2409529658239946,-0.9929951195128329,-0.8438108038130168,-0.8388092436931508,-1.1419928442212728,-1.331493195710973,-1.3113064019678087,-0.41008103662487083,-0.4630518715334607,1,0
160,-0.7758660899604963,0.1736488563041643,-0.7602586290575709,-0.7616614015210209,0.7476606395396579,0.022997124070889417,-0.4102487986835906,-0.46830606727497476,0.467279173275385,0.20006870604633495,0.20053403333730327,0.8819450840948775,0.36861401159857465,-0.14963313351621865,0.7340628737171085,-0.15994599196624806,0.19445734456704286,-0.1435762533792671,1.4025241333938643,0.37469369056439655,-0.7438993878114374,0.012658230548378698,-0.6791916391189173,-0.7167233271098084,-0.03574532639347544,-0.5315961135553033,-0.5212982899431599,-0.721126884678781,0.20517150886421107,-0.31535524191575826,1,0
161,1.2866131684749071,-0.8075853380047141,1.258330597306792,1.2822020384732409,-0.8485745294600657,0.10026845033865874,0.1990539898050777,1.0343018717328236,-0.4004713099486928,-1.4909566851257543,1.9134746540806606,-1.0571176978293924,1.7632373161175503,1.6001475481407799,0.7255646694180844,0.16866431170214363,0.24373631648072974,2.4055717447569216,1.1419956915539866,-0.1992104480125294,1.0085591365072115,-1.301990215085571,0.9908565881804353,0.9189045361164635,-1.0406488378807695,-0.4603659285349945,-0.38036299627068365,0.7499955167335299,-0.8321728992278452,-1.164366331373811,0,1
162,1.3974991501112186,-0.296140156537115,1.4352587366694052,1.4402327168233127,0.9729943837973607,0.9449845397658642,1.7741142745752743,1.84351542363903,0.5843566194246648,-0.29121588293161793,1.0071495885889927,-0.2986245726364365,0.7652457954125098,1.1196926994101093,-0.9580240267107631,-0.2246569440732544,0.15603645121060908,0.09084600467101568,-0.4471197005813658,-0.21407318026525723,1.9542026570924753,0.04082926866910614,1.8101036818287575,2.186339858582831,0.3078114296705569,0.5908537374905315,1.6998053317652808,1.4511693618443569,0.8848109486486612,0.28912500380437656,0,1
163,-0.6123092670469362,0.6457521007357943,-0.6094676011917072,-0.6377320800780699,0.18796069412536492,-0.19827985569590426,-0.5866795058673548,-0.7004512641262386,-1.0547276266652599,0.6079276101035027,-0.5108417483403376,0.8142224836312204,-0.5341126002920332,-0.5125137862462212,1.3342878958740931,0.22933082930246207,-0.09564824150110227,-0.1699681632259877,-0.23848074093366292,0.47163923957650816,-0.6915871930556569,0.39922747587169455,-0.7240620629759807,-0.7010738543358003,0.36793386198176187,-0.2753972222725795,-0.6439302987231067,-0.6786088961986564,-1.0825663770431688,0.22016730587028313,1,0
164,2.417650181165289,0.604095932109474,2.2957728690239345,2.748837632283556,-1.0339297061881756,0.03002179009523228,0.35596113604454194,1.0431720484684066,-0.19386405203819793,-0.9917267928220129,0.7589072906811836,-0.6498669247709159,0.6786829696147803,1.136550764277852,-0.6895437205230818,-0.08967394241254575,-0.1800071595228374,0.5876348959034035,-0.15524136325038257,-0.07152606638682141,2.2117396158901648,0.32723482289650196,2.079326224971138,2.480412368951554,-0.5940250549975274,0.43977681281036035,0.39020529770480333,1.5988634270911053,0.8075466754942182,0.2715187830552458,0,1
165,0.11676606221181535,0.07645112950941735,0.019833621768497792,-0.011986043172610098,-1.0470136010160431,-1.040888545315807,-0.9966742856976499,-0.9242331514839524,-1.1786919814115564,-1.3717771352389199,-0.8921446685339111,-0.267508783234216,-0.8405175233538378,-0.6186331432982947,-1.0911625607288045,-0.9722201072031783,-0.7354953220210747,-0.9334705904387635,-0.18983435137849916,-0.8214184664108208,-0.2087053953099901,-0.04837901871319761,-0.29156907431499407,-0.3070854793330257,-1.3799111344940014,-1.0442811146087363,-1.0617027763950897,-1.0426225519583194,-0.5417164649620694,-1.2455505714947996,1,0
166,-1.0392202963467372,-2.2493516187934666,-1.055004824859379,-0.9341089136854852,-0.1943797880667366,-0.9734517514821173,-0.9267248403512017,-0.9853106541489685,-1.640114857411661,0.12988519333519855,-0.9306531690403854,-1.4729710714873063,-0.9137982224418628,-0.7301557262695163,0.2229116225461889,-0.8795520015686921,-0.6597115019368625,-1.1023788134577754,-0.9141250403109388,-0.618744844782713,-1.089964676195832,-2.2081586079689712,-1.1206587125513168,-0.9401152516530664,0.2992225107689559,-0.8963635932964011,-0.93724043912589,-1.2143355510482263,-1.337252314478184,-0.456205007908799,1,0
167,0.6185251291161272,-0.14571510316429115,0.5747446043148763,0.5316949397124612,-0.7242775285953329,-0.3682767734849969,-0.221121788063656,0.2509385491703165,0.12293374342456015,-1.016886920020345,0.5347328055899212,0.3291822370671924,0.4615888985665061,0.4771410731049889,-0.30775402368174853,-0.12708496159940885,-0.23457596457980137,0.5581380554864801,-0.009302194584890944,-0.15496004062372581,0.6101816533670364,0.02674374960874242,0.5305728853886219,0.5147697996448266,-0.8516926220455517,-0.40119892001006047,-0.3556535616657689,0.2979621655237843,-0.3070620057522799,-0.6865530627099184,0,1
168,0.8098034474387648,1.215053071962172,0.8481790015116424,0.8042285481653044,0.4569074211426223,0.8343460498824672,1.356094472761739,1.227671724568538,-1.0994925325458669,0.08353759060142907,2.216041443774389,0.36395870757555654,1.9308669152814075,1.66498625917056,-0.2917018600058145,0.46138025912367997,0.32725999769036856,0.5038017705079377,-1.0319574061223358,0.39462326335782716,1.2318919679645823,0.9704735266531127,1.2427099349910506,1.2026587127880384,0.04155494372093161,0.5816627458750079,0.8212476569238703,0.6664513990181975,-1.2370949233520545,0.32678275374001564,0,1
169,0.11676606221181535,-0.5738479473792502,0.04878549911874359,-0.023907655749896405,-0.004663313062670949,-0.5960515693243077,-0.9182207125779178,-0.45740842157125805,-0.2661765923068717,-0.8632777223884245,-0.5919846601218374,0.010702980832698546,-0.5625088711886429,-0.45351055920912137,-0.6360365082699683,-0.6831947062689946,-0.7631138192743951,-0.5234645086435337,-0.8103460759265892,-0.7585896437061074,-0.1825492979321,-0.4897252826045949,-0.2249871550432224,-0.28713670085187254,-0.6455585684071325,-0.6780775424277127,-1.1121283262740085,-0.635195792171582,-0.8879748742838315,-1.0778024126905876,1,0
170,-0.6178535661287518,-1.6291375525793643,-0.6496785419559374,-0.6388410672945616,0.3042619814841794,-0.754809021474452,-0.7523303327751252,-0.4779365448736079,0.35020172712610415,-0.4593914699941515,-0.713355201896708,-0.9985468001310946,-0.6646438455425778,-0.601558949393786,0.2971922230858053,-0.7792500258028321,-0.4971187358487657,-0.005406843005259542,-0.18983435137849916,-0.5755078055020499,-0.7076832529805125,-1.6416077302076741,-0.7353520405916291,-0.7077807712389466,0.08020507877813572,-0.8911936605126691,-0.8480119252748093,-0.5000333445821332,-0.282738067907363,-0.9100542538863754,1,0
171,-0.31014496708798606,0.04636611883485209,-0.3686040660139671,-0.35799005471803064,-0.5912579311786893,-0.8765113603461885,-0.5282285994819665,-0.5443361535799738,-0.892885274635372,-0.8354691607481628,0.09016592027856823,-0.11742085788232788,0.0095385860672521,-0.040271840912656336,-0.3455238205662993,-0.8383998804631426,-0.3668217931617293,-0.4660232930947888,-0.6265708264959703,-0.7038677658665183,0.19369610281139882,0.5854693390031709,0.12239677159210838,0.05663578349144754,0.14891642999094173,-0.7303513072410039,-0.20648178979165438,-0.17048163738004452,-0.20118133513322922,-0.6166172414008737,0,1
172,0.2526013897162976,-1.7448491320969208,0.30131020711811013,0.11748821435279941,1.968824156807207,0.7500500575903553,1.203978384422716,1.3645258799175364,0.3743059072156621,1.0157865141606706,-0.07762111764249931,-1.011908286168519,-0.14480888638690043,-0.013471840353680523,-0.5375202880627652,-0.20241255428647084,0.2323214133820791,0.11723791451773627,-0.33253042740698,0.07304778370789562,0.35666870955056107,-1.4224996559353495,0.3655655202368401,0.24305367895325788,0.7071961585949943,0.43977681281036035,1.2513748518983105,0.8245884789793626,0.2738508627792709,0.7180321037206855,0,1
173,-0.9616001092013189,-1.0922358236179026,-0.9971010701588876,-0.8922446462629224,0.1443477113658094,-0.9722224349278573,-0.9468472835330567,-0.7610218995492212,-1.0030758121876362,0.48609962577473775,-0.8120332344445488,1.0869432260389194,-0.7988391257475236,-0.5658976583274069,2.473676768558039,-0.30352341695366836,-0.5611535581094887,0.5255362844993549,1.0619994065077174,0.2814638246154668,-1.1402648634610055,-1.4569309247495719,-1.1684240024636745,-0.9702103916030819,-0.6455585684071325,-1.145094803891512,-1.236133081420895,-1.2586437706222509,-1.6062464506455032,-0.6449828192744721,1,0
174,-1.0780303899194466,-0.990409633642453,-1.106474829037594,-0.9562886580153198,-0.7773399909527924,-1.2252860284548017,-1.229879029001648,-1.4156409426352632,0.24345464387234883,-0.432907125574855,-0.3870644252838122,1.306584092407536,-0.4425117264320021,-0.5032202376652861,0.5074440924098043,-0.861655378876598,-0.9656865874348389,-1.9320162618158625,1.2598280573653835,-0.9963933597497541,-1.1020367211394737,-1.0844471984866197,-1.133975096405671,-0.9499176686653571,-1.2467828915191885,-1.2283307217095987,-1.4163289211878467,-1.9010383614833615,-0.4501439930753222,-1.2069146981842087,1,0
175,-1.629410933606008,-1.1524058449670322,-1.6320318248260843,-1.2956387462617898,-0.5258384570393565,-1.2298520613706245,-1.229879029001648,-1.4156409426352632,-0.4658969416203499,0.5589315729278028,-0.7669920418878688,-0.775794354822256,-0.7722748723281144,-0.7327492747107076,0.6519135654932106,-0.971006776851172,-0.9656865874348389,-1.9320162618158625,0.6609369503973663,-0.1867122413454627,-1.5603720274997355,-1.4224996559353495,-1.5635732190113636,-1.2063282610394894,-0.8774593787503543,-1.2130506981487905,-1.4163289211878467,-1.9010383614833615,-0.6189807381165124,-0.3833348164748997,1,0
176,-1.2876048952120762,-0.3169682408502751,-1.2226844478462198,-1.0871491495613443,-0.11805706823751415,0.2916905995019962,0.33559913996766516,-0.4738816069373413,-0.6484000194412869,2.4022419445108474,-0.042550876109817205,1.9215785182396625,0.0049585423742506355,-0.38434926744402265,1.8127053230784023,3.0771182763240774,2.366908292829746,1.8870483395331172,1.924662047952623,4.71832719142413,-1.158372930876468,-0.27218226600564366,-1.137738422277554,-0.9810446419850876,-0.28052951508909874,0.07615820702120286,0.1788023571960891,-0.42260584977095894,-0.5875027009054427,1.461405868683957,1,0
177,0.5298163438070775,0.15744923517170634,0.5747446043148763,0.38364514631081503,-0.022108506166493368,0.7518062240964407,0.9177126748713267,0.8313015412984761,-0.21796823212775585,0.02792046732090568,-0.4805850693709646,0.13333579788850936,-0.29274429767085086,-0.2955202333332239,-0.14912087676663552,0.693935243258234,0.5296657184883931,0.8826033000726334,-0.4514438240973802,0.2135681613700507,0.15546796048986664,0.36323114938409823,0.3221425294074237,0.03531122718400801,0.2090388623021467,1.0624664947620928,1.2660174798123345,1.1348952019220262,0.042058043315942685,0.43388726329722377,0,1
178,-0.42657524780611367,0.6457521007357943,-0.5226119691409692,-0.46611630832597445,-2.6243498108199597,-1.6404437904934535,-1.2107746856236368,-1.368705036022977,-1.5919064972325454,-1.4141520863097945,-0.9296216913482479,-0.12657256064768713,-0.9252483316743666,-0.6683428217544595,-1.1591481951209957,-1.2619532841760326,-0.9212798302583811,-1.6444996910151184,-0.5260349547486318,-1.0077768614978662,-0.6070828784501652,0.45243943676640197,-0.7003241613225664,-0.6051133509523223,-2.378372956805094,-1.4212841019379998,-1.3798275952909198,-1.7629071139965284,-1.0439342404659473,-1.363903499863952,1,0
179,-0.48201823862426946,-1.4740840360258387,-0.551563846491215,-0.5149117458516106,-0.8158647923903998,-1.318011619976125,-1.1197685408047473,-1.0785742266831007,-1.3474212420384601,-0.2236808046624111,-0.5314713021830918,-0.4049673587699084,-0.6151793736581609,-0.5073266893638388,0.4511041453903494,-1.0540693505322747,-0.7936278041429833,-0.7819499786128854,-1.118439876442627,-0.20292613107571142,-0.681527155602622,-1.5617897888656131,-0.7431681789409239,-0.6706347699292131,-0.8774593787503543,-1.305649938675192,-1.2901277718538566,-1.3057865227616172,-1.7765140155599237,-0.6420484491496169,1,0
180,3.5126492498238697,0.5647539950735053,3.5021010919508444,4.312509607536898,0.7840047918392873,1.380513833275109,2.208902779040355,3.3438424600576786,-0.19730750633670674,-0.7043716558726448,1.3499440082760912,0.493912886843655,1.2360742870530705,1.8033088427007573,-0.7773584982796624,-0.0932128226058977,-0.100102837832283,-0.005406843005259542,-0.56711412815077,-0.4069509101813401,3.2398754435903125,1.0518565256685481,3.1388472012088977,3.878546584915132,0.45382305099777,0.6988478889729353,1.027159611964826,2.1090792888526,-0.2412442915836806,-0.26889438160555346,0,1
181,1.8133215812473886,1.6524428425385354,1.917790025840169,1.7091621168225575,1.1256398234558036,2.992674685861751,1.7489612205979552,2.375726027774024,1.851547801275699,1.4514539798581,0.6406311819827263,-0.820454664317208,0.5921201438170507,0.7823152730184869,-0.896333358465997,1.0301288616266655,0.11232572471089809,0.5006968399377354,-0.326044242132958,0.4537364029993586,1.9441426196394405,1.1504551590910936,1.856421538713468,1.9404195721341329,0.5354177805629782,2.7380991536672616,1.686077868095884,2.4298290265096805,1.5358339909685028,2.0580611274044776,0,1
182,0.3191329786980844,0.20373386697872875,0.2490359841246108,0.19983051517731062,-0.19219913892875867,-0.4355379506680779,-0.44019291056135096,-0.1005738831797959,-0.8240161886652071,-0.9970236617058729,-0.25297232530590996,-0.11192983622311267,-0.32755262973766275,-0.0925750678100123,-0.7789322398165186,-0.2317347044599581,-0.42166901048939215,-0.4157234178575096,-0.597382992762872,-0.5140301402748572,0.6222536983106779,1.0471613526484267,0.4900447606145006,0.5302473001905488,0.20474440285134674,0.419097081675432,-0.0884256022348399,0.3979167349331998,0.5900620547631942,-0.00039951518131929104,0,1
183,-0.8701191743513615,-1.043636960220529,-0.8636007468216426,-0.811011332654903,-0.5832622176727709,-0.5486350736599948,-0.4895408069359002,-0.8172841634149204,-2.3770140772924258,-0.11244655810136525,-0.3750305188755391,-0.18880413945212812,-0.5583868318649415,-0.48614604376077736,0.0803306393070099,0.5089023645772629,0.6811219937485379,0.7258043062774111,0.07069409046137824,0.2811260352460866,-0.9350400994190974,-1.319205849492682,-0.9625990259322411,-0.8486260262050193,-1.0535322162331704,-0.693587340778909,-0.6622335836156361,-0.9617637808838371,-1.7364510591094715,-0.5892297869022266,1,0
184,0.20270269797995677,0.689722500952466,0.1573550391821656,0.04457230486846816,-0.5847159837647565,-0.1333016949707347,-0.5860806236297996,-0.5886870372578898,-0.4486796701278086,0.01997516399511794,-0.8185659264947543,-1.3097046941533013,-0.8139532699344286,-0.5561718516729398,-1.1994359784645163,-0.6705558484355949,-0.47178321921517535,-0.9991398719985448,-1.0027695723892374,-0.465050681714731,0.1574799679804739,0.29749872710240105,0.04134052204386462,0.021381476692857934,-0.28052951508909874,0.27663671163481435,0.24469418280919475,-0.07201892721554552,0.2151872479768237,0.5576198702286107,0,1
185,-1.238815063292099,-0.9996665600038578,-1.256461638088173,-1.0452848821387815,-0.4320705441063126,-1.1562686847656352,-1.2107507303341345,-1.354715500142857,-0.531322573292006,-0.3362392684444222,-0.06524338533684682,0.10405034903936046,-0.20205943254941994,-0.40704281630444566,2.294270233356424,-0.7691389395361123,-0.9212241478042412,-1.5588036072775315,0.4739186083297365,-0.16272919611946995,-1.0356404739494447,-0.7745657791586172,-1.0705775297947233,-0.9005616391473317,0.6642515640869903,-1.0330795935773167,-1.3846642383237708,-1.7455866281630463,-0.13107116134493835,-0.45718313128375093,1,0
186,1.0426640088750199,-0.19662819815201654,0.9487063534222183,0.9605957456906385,-0.9256241323352804,-0.4936670620195133,-0.25142522928394956,0.05782212995561879,-0.8136858257696826,-1.1612265971055116,-0.6387449821654136,-1.3461284711594304,-0.5973172032554548,-0.35322668614972813,-1.332889260789929,-0.9116547004655271,-0.5725684612081393,-0.8889148367563587,-1.1141157529266124,-0.9676812633524388,0.863694597183511,0.03613409564898471,0.7766365000886478,0.772728142073531,-0.5682582982927255,-0.21393246584376466,0.20259662755637722,0.4426725122806994,0.2595426640469667,-0.8283809520779111,0,1
187,-0.7869546881241274,-0.5183063892108227,-0.8173581649427775,-0.7602751675004062,-0.06354083978807099,-0.9023270079856479,-0.7736505404320907,-0.5947694441622897,-1.1752485271130477,-0.27400105905907535,-0.6820670452351973,-0.8156957788792214,-0.6316675309529666,-0.5922654008128508,-0.06162084731742651,-0.9357696412116537,-0.414987115992621,-0.09234489897092733,-0.21902218511159743,-0.7704122716344138,-0.8062716200202528,-0.7416995680177684,-0.8091711250016368,-0.7552451062458282,-0.1860514071714896,-1.0210164170819418,-0.7203465131494168,-0.2614850513199604,-0.6475971355811209,-0.7506201437692526,1,0
188,-0.7592331927150494,-0.47202175740380026,-0.793633709891882,-0.7364319423458341,0.15161654182573547,-1.0040090486880078,-0.9480450480081671,-1.0220585291963846,-0.4796707588143823,-0.6911294836629971,-0.8856119764837055,1.3084144329606078,-0.9664687249113808,-0.6655331442765023,0.22983608530835636,-0.9321296501556346,-0.5324770942275129,-0.9632779239127068,1.123618166610925,-0.6633330415408967,-0.8947999496069583,0.05491478772946986,-0.9495721286834166,-0.8102762192972852,-0.044334245295076485,-1.043993896120751,-1.0135193789155064,-1.2586437706222509,0.25095774480758426,-1.005421282944164,1,0
189,-0.6233978652105672,-0.8168422643661184,-0.6504827607712219,-0.6399500545110534,-1.2948807196995153,-0.7070412925089219,-0.7694583647692042,-0.9964617334737016,-0.6552869280383036,-1.0963399532782352,-0.7057910321543648,-0.687571940164195,-0.6568577712644751,-0.5823234651216178,-0.3477270587178981,-0.25751797444009344,-0.37628781036548836,-0.9333153439102533,-0.08065023259913136,-0.7521716456878841,-0.7378633653396167,-1.0234099492250432,-0.7446156119685711,-0.7119081047178059,-1.1608937025031805,-0.6706098617400996,-0.7651895611361138,-1.1827081350559934,-0.7763709241718586,-1.1374679385626396,1,0
190,-0.09114515335626965,0.8540329438673963,-0.025604741295082303,-0.23461522688332545,0.6458970131006956,2.256840919811856,1.142892396192085,0.26158276125301644,1.8136698039921086,1.6421412596770353,-0.5414422532070896,1.6451970947258197,-0.46220591431190866,-0.2927105558552668,0.27358610003296097,5.469401287029967,2.2806004889131195,0.6543909031627556,3.257573121764113,2.6240331012670146,-0.25699357508455684,1.7295264982393812,-0.17287956604792246,-0.34096400830532897,0.7157850774965941,3.7393428027833773,2.467628133006888,0.7425362205089466,3.0639496155785926,2.850341061115334,0,1
191,-0.4931068367879009,0.45829934191735316,-0.5222098597333272,-0.5187932011093317,-0.8085959619304737,-0.8215433487057072,-0.8571347243472867,-0.6898070520435386,-0.5623136619785807,-0.019751352633828118,0.9889268160278928,0.9826138145138266,0.9145552198043609,0.18126042177242563,-0.7962433967219374,-0.4708618946678801,-0.3598614863942594,0.7956652441069654,1.3765793922977774,0.6496542372398629,-0.6573830657153389,-0.4114723989359074,-0.6754283132470343,-0.6555012138400625,-1.8359827281690035,-1.1027013550649087,-1.1790268325562032,-1.1889739438846434,-1.2099093457606762,-0.8611480851387924,1,0
192,-1.3386124467647795,-0.279940535404657,-1.378300788603791,-1.1267954425509237,-2.1162585616711396,-1.5691434303463752,-1.229879029001648,-1.4156409426352632,-0.7034952882174185,0.19212340272054534,-0.30798446888658787,6.724392129500077,-0.4081613987344903,-0.5094879797314982,-1.6957940591889868,-1.035262730076176,-0.9656865874348389,-1.9320162618158625,1.8370985467533285,-0.7646698523549506,-1.4183242986628852,-0.8293427977266987,-1.4509629294604105,-1.1296286472240211,-2.8112544694457746,-1.4616670213487075,-1.4163289211878467,-1.9010383614833615,-1.5962307115328904,-1.0137353316312534,1,0
193,-0.6123092670469362,1.719555558658718,-0.5571933781982072,-0.6019672423462116,0.34787496424373493,0.39530442336105076,0.0696954264931528,-0.2594767635572439,0.29510645834997257,0.8409898409933126,-0.13125795763366024,1.0942645882512065,-0.219463598582826,-0.23392345785493288,0.6286221907477378,0.5680522192375733,0.08197878720472933,0.11879037980283742,-0.23956177181266652,0.5810829952556864,-0.2751016425000193,2.0675789556881115,-0.30893827064676044,-0.3297858134667518,1.7979888590982953,1.084869536824932,0.6084719700482163,0.2755842768500345,0.2724200429060406,1.6717023942985667,0,1
194,0.08627241726182922,0.8748610281805564,0.21686723151322665,-0.06410844234772169,0.42056326884299383,1.4964208226767635,0.8027272852607269,0.8343427447506759,-0.41424512714272615,0.49007227743763254,-0.5634471106393607,-0.4556677920899973,0.21518254788302235,-0.43362668782665553,0.30852316215117037,1.2136450773676288,0.5797799272141761,0.9912758700297182,0.48148582448276206,0.12168945289864155,-0.1885853204039211,0.25837228526805733,0.18029409269799684,-0.30261420139759476,-0.21611262332709266,1.0515521922186581,0.6835154381075866,0.6754025544876973,-0.035206229838500316,0.03383480294198959,0,1
195,-0.45429674321519153,-0.7173303059810204,-0.5017022799435696,-0.49384098873826776,-1.3959174630924853,-1.038429912207287,-0.765984847791384,-0.8132292254786538,-0.09744733167996715,-0.8407660296320228,-0.8570744270012288,-0.5537740457346462,-0.7457106189087054,-0.6378686275704628,-0.5674213772630347,-0.5734894202750854,-0.319491707142934,-0.6248404917606426,-0.26658754378775756,-0.6079355849625472,-0.6312269683374484,-0.6462310499419698,-0.6241891840683231,-0.6192150736717581,-1.15659924305238,-0.7533287862798131,-0.6091540574273009,-0.672492273294498,-0.0008665528809700054,-0.8230012735156769,1,0
196,-0.21589188269712092,0.6619517218682522,-0.1759936597533041,-0.2928370557491414,1.5545008205914308,0.24427410383768358,0.42902476902627756,0.23826686811948328,-0.08023006018742591,0.7615368077354223,0.6038418109631478,1.6488577758319636,0.8174582935127275,0.09588945224988193,2.1085687320073827,0.31679172550958795,0.3331066553750431,1.2660622254926326,0.6371542710592865,0.1196627166823605,-0.12621308819510535,1.2334032157799026,-0.022346531172612778,-0.26443636671814663,1.591854805459876,0.17496136688808286,0.32660138270326383,0.5948421552621982,0.07925936001993353,0.3429217894267181,0,1
197,0.9789045694341404,0.5578113003024516,0.9004532245051423,0.91346378898974,-1.8102407993082605,-0.46310976481362287,0.09125518704514023,0.04869851959901893,-0.30061113529195416,-1.2737850608875219,0.6626360394149973,0.17177294950301708,0.545403698148435,0.6720894642678609,-0.4943997699529032,1.3016115278880906,0.7354123865348031,0.30974360987028643,0.043668318486287196,0.3662489563298918,0.5518334361394353,-0.22366547813105767,0.4842550285039113,0.45973868659336964,-2.079049133084306,-0.49081108826141684,-0.256358241123797,-0.5313623887253828,-0.9380535698468963,-1.014224393318729,0,1
198,1.2838410189339988,0.7082363536752746,1.3065837262238684,1.257249826102177,-0.9728715303247986,0.5270169113174759,0.10443059627135484,0.30061153888958264,-0.31094149818747874,-1.0235080061251693,-0.026734884830372344,-0.2528660588096415,0.32601960525366014,0.19357977686808386,-0.4962882597971307,0.4937357351771832,-0.21230298292389765,-0.03645614870728358,-0.7400790687913527,-0.18738782008422314,1.276156132757935,0.9282169694720221,1.5640400671287313,1.250810936708063,-0.19034586662228953,1.5989906303182904,0.35222598155280493,0.6470572288342811,0.24094200569497085,0.28814688042942455,0,1
199,-0.02738571391539062,0.18290578266556862,-0.02077942840337505,-0.14367827513100326,0.007693698719203306,0.1371479469664578,0.1834830516286422,0.09989211104438499,0.31921063843953046,0.2172835299188766,-0.8055005423943433,-1.02545280626125,-0.7672368242658127,-0.5585492710773651,-0.9621157547065895,-0.5684338771417254,-0.40886204603724746,-0.7982508641064481,-0.624408764737963,-0.6673865139734588,0.26411636498264146,0.6245957808375147,0.1600300303109362,0.14330978654749219,0.7973798070618023,0.7114855024442805,0.8564814803419892,0.8409989306734457,2.4730210079344292,0.7327039543449603,0,1
200,-0.6428029119969219,0.030166497702394126,-0.6621439335928484,-0.6474357182223726,-0.20019485243467708,-0.5605770059013773,-0.728375043272917,-0.3747890611198258,0.4190708130962691,-0.38258687117819073,-0.3097035983734841,0.21021010111752522,-0.3724370579290782,-0.3895363643264051,0.13006087187166837,-0.4764229921145759,-0.5756309961858261,-0.16220583680048167,-0.6449483514390322,-0.20731739287765377,-0.5185545488634598,0.3491456303237345,-0.5853979789273778,-0.5542095713797246,0.2691612946133528,-0.4454305671597685,-0.7862383387625227,-0.2898303769733768,-0.5102384277510005,-0.22390070635777695,1,0
201,0.8292084942251194,-0.02537506046603259,0.8079680607474121,0.7127371028047366,-0.649408574858097,0.12309861491777256,0.011004967212742429,0.4820700115375137,-1.2096830700981303,-1.0738282605218328,-0.15945168121875758,-0.7009334262016191,-0.015193649874956255,-0.09797829372916064,-0.318140717825,-0.07703508457914607,-0.21035409702900607,0.15604954664526657,-0.5465745414497009,-0.43701416405617605,0.6846259305194936,-0.045248903366450176,0.7853210982545314,0.47865563170480796,0.06302724097493363,0.34614358572721254,0.1888691638869802,0.9916767144100275,-0.13822526071109045,-0.37404264441285834,0,1
202,2.4231944802471044,1.675585158442047,2.569207266220701,2.7460651642423266,1.1256398234558036,1.6790621393096725,2.9898452168123457,2.6899837178346866,1.1800742130665915,-0.09655595144978793,0.37966732587188534,0.6385097905363275,0.7079952492499902,0.8190572092686957,0.7006995531357554,1.2131395230542927,1.5283305334849735,1.894810665958623,0.08150439925141459,0.4199574660613405,1.6302694511047575,1.0252505452211942,1.8708958689899402,1.7632881769997557,0.7286684558489952,0.7752480067769764,2.1949091881082006,2.1762129548738494,0.24809610506112295,0.06366756587801561,0,1
203,-0.20480328453348948,0.9998295340595171,-0.13859748484256962,-0.2681620901822004,2.448566967162315,1.1241135233866024,0.6362380232203793,0.9098659638136416,1.3556903822905118,1.4819109759402904,0.4171443486862222,1.315735795172895,0.36082793732047186,0.1611604213531938,0.5423811545280137,0.1954586903089509,-0.09926760102018665,0.07221642124980109,-0.1098380663322296,0.18722059055839638,0.4391610166654458,2.460408431704922,0.4668858321721449,0.3307595153790174,3.691845476901272,1.373811335737959,0.7095976190794412,1.10207429853386,2.0137278286274634,1.089718986202321,0,1
204,-0.5762713230151346,-0.19199973497131356,-0.5596060346440612,-0.5894911361606796,0.07529382199651405,-0.12276469593422065,-0.2710685666757604,-0.4472710767305916,0.23312428097682428,0.09413132836914728,-0.16288994019254996,-0.30594593484872373,-0.28587423213134866,-0.3236170081127953,-0.04651292856360613,-0.40968982275422566,-0.2136950442773917,-0.3221097611659064,-0.3433407361970163,-0.123545629271369,-0.4119181518612915,-0.23305582417129994,-0.4724982027708955,-0.48628054120683245,0.25627791626095187,-0.25241974323377014,-0.19412707248919714,-0.3868012278929591,-0.015174751613274235,0.05779882562830513,1,0
205,0.15834830532543195,-0.6363322003187306,0.15172550747517333,0.06120711311584414,-0.7162818150894145,-0.2969764133379187,-0.3255668502932843,-0.38188520250829244,-0.9066590918294054,-0.418340736144242,-0.5926723119165959,-1.5540551579883874,-0.5254105172753303,-0.4068266872676797,-0.512655171780436,-0.40564538824753776,-0.3980039674799945,-0.6496799363222621,-0.6233277338589592,-0.361687134684396,0.1514439455086528,-0.9216812004557499,0.1542402982003473,0.04958492213172958,0.5354177805629782,0.2950186948658617,0.10604679974828471,-0.03323058684771248,0.5585840175521253,0.5419698962293839,0,1
206,-1.2953669139266182,-0.499792536488014,-1.2902388283301265,-1.1065564258499496,0.7476606395396579,-0.7107292421717017,-1.019551587172259,-0.9209385144107359,0.26411536966339794,-0.022399787075756756,-0.7900283770122777,0.2394955499666741,-0.7347185140455017,-0.7117847581444121,0.8240808896252877,-0.7443667781826491,-0.7436528015525494,-0.7634756417201809,0.11934048001654238,-0.4998429867608896,-1.3273815600874515,-0.4552940137903726,-1.3111408989896898,-1.081820367760568,0.2090388623021467,-0.9021079630561035,-1.132033148594634,-1.067387415423936,-0.05094524844403481,-0.6122156862135908,1,0
207,0.6822845685570068,0.19216270902697377,0.5908289806205687,0.5815993644545892,-0.7918776518726436,-0.698084843327885,-0.3974327187999091,-0.0496337253554464,0.580913165126157,-1.4287184757404077,0.48934778713586197,-0.651148163158066,0.4510547980726026,0.5013475252227733,-0.6492559371795611,-0.6159559825953083,-0.4238963086549824,-0.18859774664720227,0.21014707385284792,-0.46302394549844994,0.5598814661018628,-0.1688884595629762,0.5103088230015612,0.4287836855019251,-1.0964768107411744,-0.7648175257992178,-0.5322802608786774,-0.2659606290547103,0.35826923529986604,-1.0577508835040785,0,1
208,-0.39885375239703574,0.7198075116270304,-0.3211551559121756,-0.45779890420228647,0.11527238952610604,0.6236060691521871,-0.18722505341803125,-0.12262260820824553,-0.02513479141129433,1.334922864413194,-0.8608565118724005,-0.5286983801575624,-0.7466266276473057,-0.6521331439970144,-0.5822145477094838,0.16158655131543975,-0.26241719164968086,-0.6428490890678167,0.447973867233649,0.0831814647893012,-0.4964224664667831,0.4743502441936346,-0.3732042970742966,-0.5526618213251524,-0.07439546145067956,0.9102406961299809,0.030545749566600933,-0.2212048517072107,1.5787585871654155,1.0408128174547375,1,0
209,0.19993054843904903,-1.5087975098811057,0.12719683360899287,0.0858820786827851,-1.220738649008271,-0.8866971260814854,-0.5241562002665912,-0.6155510010856562,-1.7158708519788428,-1.0274806577880642,-0.7910598547044154,-1.5527739196012371,-0.7310544790911004,-0.546013786944941,-0.8843729227858894,-0.7509389842560169,-0.45312959707835604,-0.7873836071107395,-1.2385424070999316,-0.7754791121751164,0.07297565337498187,-1.5977861153532094,0.03844565598857035,-0.048095303534606414,-0.61979181170233,-0.362711642620055,-0.0609706748960458,-0.35696404299462625,-1.0081637436351867,-0.5662438875908623,1,0
210,1.6719419546610903,0.6272382480129857,1.5961024997263265,1.6509402879567416,-0.5607288432470013,0.38652359083062243,0.7344547101794334,1.0074379079050573,-0.3178284067844954,-1.6922377027124087,1.432462223647108,0.49208254629058296,1.7898015695369591,1.4358894801986704,0.3220573393681343,0.44975250991695254,0.562518366430851,2.360550251488987,1.1636163091340592,-0.5359864492845688,1.2520120428706514,0.26776263130829964,1.3295559166498834,1.1957798236566062,-0.8087480275375477,0.05892509774209586,0.35039565306355197,0.9633313887566113,-0.16541083830246867,-1.353144142739484,0,1
211,-0.7509167440923262,-0.11331586089937523,-0.7839830841084664,-0.7389271635829404,-0.719916230319378,-0.7690339701737458,-0.9101956905946781,-1.0626079085590507,-1.1167098040384082,-0.3243213134557387,-0.7608031757350425,-0.6332108257379625,-0.7681528330044131,-0.6082589495335299,-0.4984914979487295,-0.5027118164080472,-0.3963334938558017,-0.8845679339580753,-0.5227918621116207,-0.3478377705398085,-0.7479234027926512,-0.17827880560321907,-0.7860121965592815,-0.7125959936309492,-0.3707131635559068,-0.5384893572669461,-0.7432256192650786,-0.8697160654724796,-0.7005374708906462,-0.31242087179090305,1,0
212,3.759370558964664,-0.22208474564587882,3.759451112841919,5.002854149803001,1.1329086539157296,0.6815595638530145,2.6041650558267917,2.626625312580521,-0.7207125597099597,-1.0288048750090284,8.353333711993765,0.4847611840782957,8.637424894943594,10.381470311940664,1.9984068244274433,0.025592441028059337,0.8130894100597671,0.25230239432154156,2.9008329316929107,0.1770869094769911,2.2318596907962336,-1.1986964086429035,2.2038054653487986,2.645505708105925,-0.9633485677663624,-0.7475844165201109,0.04839145233681715,0.47847713415869925,-1.9696746984460303,-1.5194251164812684,0,1
213,0.7959426997342266,1.418705451913071,0.7838414962888741,0.7027562178563109,0.1443477113658094,0.031777956601317756,0.7847608181340706,0.25626065521166647,-1.891487021202763,-0.5772468026600217,0.2961176328087308,0.8343562297150106,0.2957913168798497,0.2867313917142013,7.563156898751248,2.9492130350500725,3.037881865213844,4.164514912776594,0.08150439925141459,2.9077761715463657,0.2118041702268613,0.30375895779589596,0.23240168169329678,0.1037561740417575,-0.529608163235522,-0.5884653741763565,-0.13372623234385023,-0.2614850513199604,-2.0340615927413994,-0.8870683545750111,0,1
214,-0.09946160197899336,1.0137149236016236,-0.0859211524414278,-0.2323972524503418,-0.2896014670917651,0.31276459757502434,0.1056283607464653,0.22204711637441676,1.3005951135143803,0.17358436162703755,-0.0783087694372577,1.1601568481617917,0.18907629883291327,-0.308271846502414,1.1895036744833158,0.4998023869372152,0.06109786690231983,0.5938447570438081,2.593820162055877,0.2757214053360036,-0.03164873613657917,1.3648680603432979,0.07607891470739778,-0.25686958867357135,0.8274410232174054,0.713208813372191,0.2968585447529036,0.7425362205089466,2.4315272316107466,0.7962819737168189,0,1
215,-0.19094253682895077,-0.5784764105599524,-0.16272404930110818,-0.3205617361614347,0.2897243205643272,0.6833157303591,-0.0439724221948256,0.004094202300086197,0.8563895090068168,0.813181279353051,-0.643558544728723,-0.0313948518879532,-0.5441886964166367,-0.4878750760549048,-0.3590579977832632,0.36229161370982665,0.1226269787267536,0.2957714223043756,-0.17361888819344445,0.2054612165049262,-0.2549815675939499,0.12534238303128845,-0.23077688715381092,-0.3621165923844826,0.4022895375881649,0.8918587128989336,0.7050217978563088,0.5664968296087816,0.8662102902966654,0.9576723305838449,0,1
216,-0.7370559963877871,-0.24985552473009176,-0.71120128132521,-0.7272827978097773,-0.362289771691024,0.04582728865000324,-0.4350425233183762,-0.6193525054009063,0.3777493615141709,0.016002512332223152,-0.5060281857770281,0.6440008121955426,-0.47365602354441255,-0.5144589475771146,0.5574890732818338,0.7434795659651608,0.6897527741402005,0.8391342720897997,0.749581482475665,0.27808593092166484,-0.7579834402456861,0.15194836347864246,-0.757642509217396,-0.7385638001021052,0.16609426779414382,0.1313041567143452,-0.1323534859769104,-0.20330254076821097,0.5328292598339773,-0.13048992404989168,1,0
217,-1.2055492688012055,-0.4511936730906401,-1.204589524502316,-1.035026750386233,-1.3137796788953224,-0.9434213042280525,-0.538289821072894,-1.1442135345264164,0.36741899861864535,0.017326729553187467,-0.2983573437599692,1.3010930707483204,-0.1713731398063096,-0.48571378568724555,-0.7619358312184706,0.20152534206898268,0.6418658635800076,-0.2693259414724652,0.49770128766781674,0.22336405308207574,-1.1141087660831153,-0.25966180461865396,-1.0702880431891937,-0.9578283911665042,-1.7762897418028785,-0.8159424166605687,-0.5354833357348701,-1.368295425123625,-0.22407445310491583,-0.40240822228645673,1,0
218,1.4557142904702827,0.4930128157726198,1.3950477959051748,1.4845922054829819,-0.3477521107711728,0.31276459757502434,0.29367738333880056,0.7869506576205599,0.8150680574247177,-0.9546487106349982,1.7597844779521419,-0.046037576312527646,1.5415632013762746,1.7103733568914061,-0.0934104263619232,0.22629750342244626,-0.006277902606788895,0.7258043062774111,-0.21902218511159743,0.03149969127413354,1.753001908031781,0.3929672451781997,1.676939843285214,1.8028417895054905,-0.05721762364747746,0.23987274517271936,0.23874561521912285,0.8141454642649459,0.06495116128762929,-0.1842867096722339,0,1
219,1.3808662528657722,3.0178394808457005,1.3266891966059837,1.4651849291943766,-1.0477404840620355,0.003679292503947267,0.1415612949997778,0.26639800005233294,-1.4782725053817733,-1.309538925853573,1.016776713715611,0.201058398352166,0.7331854895614991,1.3969862535808024,-0.49156703518656203,-0.039118511078947,-0.22399629829324708,-0.2584586844767569,-0.8298046317486548,-0.5728054905470084,2.1896075334934877,3.017568963425976,1.9635315827593613,2.6076718178830482,0.1789776461465448,0.73503741845906,0.4117116574535255,0.5232329115061989,-0.4458515334556314,-0.5202720889681338,0,1
220,-0.24915767718801432,-1.4509417201223276,-0.2865737468549375,-0.34828641657372794,-0.15658186967512153,-0.4509922159216316,-0.7641882010787184,-0.7660905719695543,-1.712427397680334,0.055729028961167375,-0.802062283420551,-1.4231858084437534,-0.7924270645773214,-0.6022073365040838,-0.9341031553505476,-0.5188895544347988,-0.5057495162404284,-0.898229628466966,-0.7876444274675128,-0.4110043826139022,-0.33747387470883466,-1.5304886353981377,-0.3665461051471197,-0.4376124006019501,-0.2375849205810947,-0.19727379354062782,-0.6114419680388671,-0.6991965537785061,-0.9223145512413617,0.042148851629078304,1,0
221,-0.27410702305618445,-1.279688582436344,-0.2580239789123337,-0.36935717368707094,0.47144508206247443,0.11256161588125851,-0.28843615156486135,-0.2876078954900935,0.36053209002162967,0.001436122901610147,-0.6414955893444474,-1.305128842770622,-0.5084643556112245,-0.5237524961580498,-0.39336556328673,-0.20595143447982278,-0.2574057707771026,-0.63415528347125,-0.2784788834567979,-0.3491889280173293,-0.40990614437068457,-1.4084141368749858,-0.3263074669785272,-0.4713189573459675,0.04155494372093161,-0.06859991092329581,-0.23713979198664126,-0.5449383078541244,0.057797061921477176,-0.22243352129534932,1,0
222,-1.211093567883021,-0.43962251513888434,-1.2017747586488197,-1.0574837415201903,0.5441333866617334,-0.4876960958988222,-1.0181142698021264,-0.9303155583883523,0.18147246649920057,0.8025875415853327,-0.6765658308771296,0.010702980832698546,-0.6779259722522822,-0.6529976601440781,0.25123897020960184,-0.668028076868915,-0.7280895556204867,-0.7484167284546992,0.5809406653510971,-0.06443248962983757,-1.1764809982919306,-0.5147662053785749,-1.1704504087023808,-1.0061525873148147,0.17038872724494375,-0.7912416266938487,-1.115605950403589,-1.0693268324423277,0.04348886318917295,0.08078472493967005,1,0
223,0.33299372640262354,0.18984847743662228,0.30533130119453294,0.18513643455879497,0.28245549010440113,0.1336356139542864,0.1439568239499985,0.22204711637441676,0.2675588239619068,0.001436122901610147,-0.3306769781136175,-0.5312608569318629,-0.401749337564288,-0.28255249112726794,-0.7348674767845427,-0.17561817567966356,-0.3019517340889099,-0.5911519950739463,-0.3541510449870527,-0.2772397923393509,0.5115932863272957,0.6512017612848681,0.3916193147344901,0.2189775669932455,0.7973798070618023,0.9550467802556593,0.40301759712957397,0.3054214617483676,1.3855979042793085,0.9821254149576367,0,1
224,-0.3544993597425109,-0.5576483262467923,-0.4204761795998245,-0.4106669475013879,-1.0295684079122207,-1.1037593062336737,-0.8041935345474062,-0.7932079694183374,-1.2441176130832126,-0.831496509085269,-0.5184059180826807,-0.5865371416346313,-0.49335021142431934,-0.44486539773848405,-0.3363961196525328,-0.8176721536163671,-0.3367532679262594,-0.5259484530996954,-0.6676499998981086,-0.49173604189576525,-0.3777140245209734,-0.3958218222021697,-0.3917314398281809,-0.4331411226665194,-0.38789100135910887,-0.8653439965940086,-0.5990872507364097,-0.4572169842530251,-0.7420312472143287,-0.4933736961569624,1,0
225,-0.05787935886537626,-1.3792005408214425,-0.1003970911165507,-0.14783697719284725,0.03240772228295081,-0.6418875151331436,-0.5442786434484461,-0.24908598509556068,0.7496424257530605,-1.1307696010233204,0.26998686460790905,-0.7304019091060752,0.2939592994026491,0.06541525806588522,-0.0037071587611153846,-0.6538725560955074,-0.30863362858568105,0.06445409482429508,0.17987820924074607,-0.8406724604654913,-0.049756803552041644,-1.444410463362582,-0.057084923836145524,-0.15041877936465917,-0.29770735289229966,-0.7424144837363789,-0.6695548975726477,-0.27938736225896016,0.053504602301786386,-1.2519083734319856,1,0
226,-1.1390176798194183,-0.918668454341568,-1.141458347502474,-1.0117380188399063,0.48598274298232663,-0.6246770833735041,-1.150311534920063,-1.107465659479,-0.2386289579188059,0.19609605438344013,-0.8670453780252269,-0.5645730549977699,-0.87624186415925,-0.721942822872411,-0.18500218380695882,-0.9682767835591578,-0.8872578507789882,-1.1601305220635403,-0.6460293823180357,-0.3819544968472067,-1.1060607361206876,-0.9905437380841945,-1.1261589580563762,-0.9721020861142258,-0.10875113705708256,-0.9561050387973054,-1.2955729991093838,-1.235072394552568,-0.5860718810322124,-0.17743984604757213,1,0
227,0.12508251083453856,-0.9070972963898125,0.09824495625874706,-0.0277891110076174,-1.0833577533156715,-0.05603036870296538,-0.45073323794232273,-0.4576618551922748,0.08161229184246098,-0.5229538966004635,-0.7277958895866359,-1.3078743536002297,-0.3870931977466832,-0.5486073353861322,-0.9385096316537452,0.2455085673292137,0.048847726991572735,-0.13891885752396366,-0.7660238098874399,-0.2525811683745979,-0.12218907321389154,-1.0672315640795085,0.05291998626504247,-0.2622007277504311,-0.9891153244711643,0.4650520397530507,0.14036545892177732,0.15623553725670222,-0.10102394400709962,-0.1319571091123193,1,0
228,-0.534689079901518,1.0507426290472417,-0.5491511900453616,-0.5492903495628544,-1.423539018840203,-0.6585710969409575,-0.5785347074366041,-0.899650090245336,-1.1821354357100644,-0.3746415678524021,-0.6827546970299558,-0.265678442681144,-0.7676948286351128,-0.5782170134230651,-0.6080239089139267,-0.2160625207465426,-0.12599517900727103,-0.5827686825343997,-0.7941306127415345,-0.18400992639042132,-0.5668427286380264,0.8108376439689904,-0.6282419965457353,-0.5789735722528802,-0.598319514448328,0.3656744429102002,0.3732747591792137,-0.14064445248171165,-0.2841688877805933,0.46616533467062937,1,0
229,-0.476473939542454,0.6712086482296565,-0.39192641165722064,-0.5304375668824949,0.7403918090797318,1.1785546850752577,0.8003317563105063,0.32316713116006573,0.9149282320814562,1.260766700039163,-0.47233324783386305,-0.26018742102192877,-0.39579528076338605,-0.43513959108401706,-0.03707047934246857,0.5746244253109414,0.3381180762476214,0.3951292005508531,-0.45360588585538775,0.5625045799397763,-0.365641979577332,0.6292909538576354,-0.20472309265616134,-0.43795634505852177,1.7636331834918921,1.45078589051797,1.4582019711838927,1.0483673657168602,0.5471374585662815,1.8575458355393846,0,1
230,0.6933731667206378,-0.08091661863446013,0.739609461448221,0.5558154116711564,1.1256398234558036,0.7799048881938117,1.0578511184592456,1.3467855264463697,0.942475866469523,0.030568901762836154,-0.5074034893665451,-0.9740202367199323,-0.4434277351706023,-0.28709120089935247,-0.49377027333816087,-0.3606510543606348,-0.11513710045001795,0.21659569276421378,-0.9973644179942193,-0.5457823409965941,0.5176293087991168,-0.19392938233695622,0.6116291349368661,0.3926695175619065,1.4458431841326629,0.6414041913759122,0.8798181685799644,1.8927596983396862,0.12075313634361595,0.20989701043329045,0,1
231,-0.8950685202195316,1.7704686536464425,-0.9347741119743301,-0.8284778813146478,-2.1649597257526434,-1.311162570602391,-1.034284090216117,-1.3364429360675556,0.04029084026036277,-0.8924105012496514,-1.1087549838828301,-0.5828764605284877,-0.9444845151849733,-0.7922928243397223,-1.0851823428887506,-0.5431561614749263,-0.5110393493837055,-1.4468708602217342,-0.6081933015529083,-0.6417145219005652,-0.9933883166466986,1.1927117162721854,-0.9423349635451805,-0.8742498882196038,-1.9154302280088111,-0.7958371225016105,-0.9180219899887342,-1.5902840807672227,-0.25126003069629405,-0.7555107606440111,1,0
232,-0.9227900156286096,3.3279465139527526,-0.9737787245156335,-0.8531528468815888,-1.5129456334972922,-1.3531349500978382,-1.1703860675229136,-1.2525817508731416,-0.04235206290383557,-0.627567057056685,-0.7549581354795956,0.7977494186535744,-0.747542636385906,-0.6441363696366749,-0.8629700378846439,-1.0313699618634888,-0.8759543125886172,-1.4012283808397585,-0.19848259841052832,-0.4789000458593185,-0.9370521069097043,2.4494530279913063,-0.9822841151082434,-0.8422630537584446,-1.5757384854504992,-1.2229310141354786,-1.310261385235639,-1.4531822161593824,-0.16254919855600733,-0.6479171893993273,1,0
233,1.6525369078747367,1.939407559742075,1.584039217497058,1.7313418611523923,-0.510573913073512,-0.09466603183685017,0.6314469653199377,0.6979954566437111,-1.4094034194116083,-0.9400823212043852,0.2768633825554938,-0.04054655465331203,0.2957913168798497,0.5348475259214932,-0.6549214067122436,-0.33335112144049156,-0.0032153676291021703,-0.23827663577044117,-0.8665596816347786,-0.35966039846811493,1.4994889642153055,1.7608276517068566,1.4569300230828373,1.5672398367539406,-0.6154973522515295,-0.03241038143717098,0.48080655792282395,0.43073763832136625,-0.8407578184672276,-0.14858520648649742,0,1
234,-1.381026334740669,-0.8145280327757674,-1.3992104778011907,-1.1503614209013728,-1.0157576300383608,-1.2630436083356436,-1.0320083377134073,-0.9931670964004848,-1.0547276266652599,0.13385784499809333,-0.7848709885515891,-0.6974557791507828,-0.8730358335741488,-0.7050847580046681,1.42871238808547,-0.8500276296698703,-0.6354896343860672,-0.43807891796296705,0.3063588220841722,-0.13908394026285728,-1.309273492671989,-1.0907074291801144,-1.3499321041306351,-1.0744255619442786,0.5912457534233831,-1.0718540894553072,-1.0886543633993393,-0.823617614804555,-0.38289545903349265,-0.221944459607873,1,0
235,-0.14381599463351818,0.4212716364717351,-0.20977084999525716,-0.2526362691513161,-0.5752665041668525,-0.7611312208963603,-1.0547658627405052,-0.9351307971876689,-1.1718050728145397,-0.6182975365099311,-0.6346190713968627,0.5341803790112343,-0.6660178586504782,-0.5012750763343927,0.09071733345026135,-0.6766225001956268,-0.7623899473705783,-0.37334111557424643,-0.9043957623999059,-0.346824402431668,-0.3394858821994416,0.6496367036114946,-0.40823217634335934,-0.4216189833713705,-0.3406519474003037,-0.7493077274480217,-1.1312095007744702,-0.713070844756231,-1.1426608117188466,-0.4963080662818177,1,0
236,2.4010172839198423,1.74501210615258,2.3520681860938573,2.704478143623887,-0.25616484697610686,0.9730832038632347,1.1057616974636622,1.7193329493408653,0.17802901220069173,0.009381426227397889,2.112893674560618,-0.45328834937100404,1.8896465220443934,2.3890185323364377,-0.21175578993351557,0.07159788354163403,0.28633339389764556,0.7320141674178162,-0.5508986649657153,-0.30358736315100493,2.815341863072248,1.31165609944859,2.7104070250253227,3.410782123977748,0.4924731860549741,0.7516960907621969,1.2467990306751784,1.967352660585518,0.11216821710423357,0.022097322442569303,0,1
237,1.6442204592520129,0.469870499869109,1.50763843004502,1.6952997766164108,-1.0949878820515535,-0.5147410600925414,-0.14686039060681028,0.11053632312708495,-1.3439777877399521,-1.48963246790479,0.8386748988731665,-0.31143695650793934,0.9264633334061649,0.8264055965187376,0.27012386865187754,0.2080975481423504,0.21951444892993444,0.6621532295882613,-0.820075353837622,-0.00633271809644666,1.449188776950132,0.006397999854883835,1.4279813625298932,1.357433718245261,-0.5940250549975274,-0.2909070206237758,0.0287154210773482,0.2546982474212012,-1.1254909732400815,-0.7359482931449778,0,1
238,-0.09114515335626965,1.94866448610348,-0.0987886534859818,-0.19580067430611484,-1.1909364441225752,-0.1561318595498483,0.09125518704514023,-0.29850554119381006,-1.7744095750534823,-0.22897767354627113,-0.3715922599017467,2.0368899730831855,-0.4654119448970098,-0.3307492663260711,-0.24984033512543738,0.06249790590158629,0.10620065475552463,-0.36247385857853814,-0.9887161709621901,-0.12253226116322848,-0.2549815675939499,2.255385876492961,-0.2857793422044051,-0.33821245265275607,-1.2253105942651865,-0.224846768387199,-0.014297298420095939,-0.6748792480863648,-1.6234162891242683,-0.4087660242236429,1,0
239,0.8070312978978575,4.59383119387482,0.739609461448221,0.6267905935266274,-0.03591928404035224,0.2987152655263391,0.4673532322298106,0.8173626921425594,-0.1663164176501321,-0.4448250805635385,0.32018544562527745,-0.6498669247709159,-0.054582025634769826,0.08076041967626653,-0.7052811358916448,0.03216464710142707,-0.2412578590765724,0.20107103991320177,-0.9443939049230408,-0.40289743774877784,1.105135496056345,2.933055849063794,0.8345338211945363,0.7692886975078149,-0.005684110237872366,0.5270912331578357,0.06669473722934655,1.1811428385144427,-0.24553675120337218,-0.06642284299055745,0,1
240,-0.25192982672892206,-0.8862692120766524,-0.3066792172370527,-0.3305426211098603,-0.31867678893146945,-0.8164504658380588,-0.6663308434621974,-0.47008010262209127,-0.48311421311289116,-0.8500355501787767,-0.4101007604082212,-1.0066002985646105,-0.5153344211507268,-0.3906170095102347,-0.1985363610239227,-0.7448723324959851,-0.46176037747001863,-0.21964705234922657,-0.21794115423259383,-0.7288641792006516,-0.436062241748575,-1.1079230635872257,-0.5286586042436072,-0.47682206865111326,-0.3793020824575078,-0.8768327361134133,-0.714855527681658,-0.5252457658212246,-0.7076915702567983,-1.0376993543175688,1,0
241,-0.5901320707196738,-1.0158661811363157,-0.6593291677393526,-0.6044624635833179,-1.406820708782374,-1.3849215638579888,-1.1037544297725213,-1.1348364905487998,-1.0719448981578013,-0.7255591314080821,-1.1283530600334466,-0.9822567692087556,-1.0828018347136203,-0.7836260499654084,-1.2073046861487977,-1.1265658390646551,-0.784913500070111,-1.3479788215607869,-0.410364650695242,-0.8754647655116496,-0.7680434776987209,-0.9013354507018907,-0.8256718615168152,-0.7175831882512375,-1.4142668101004043,-1.1717486795765308,-1.1306604022276945,-1.2965369954431338,-0.17685739728831157,-0.9041855136366655,1,0
242,-0.9006128193013472,-0.2868832301757098,-0.8475163705159502,-0.8459444299743927,-0.19583355415872122,0.3461317611906522,0.6242603784692751,-0.6923413882537053,0.6773298854843877,1.8103168467395678,-0.6899750408749199,0.7885977158882151,-0.3444987914017685,-0.624036369217443,-0.13778993770127043,1.6140440935297304,1.5066143763704674,0.10792312280712911,-0.11308115896924077,1.595464471504367,-0.8927879421163514,0.2865433233887848,-0.7298517950865697,-0.8388236091927285,-0.0829843803522806,1.166439587412705,1.9862517403333657,-0.08395380117487868,0.4054862911164695,2.1216391467763374,1,0
243,-0.2214361817789364,1.0044579972402192,-0.2600345259505451,-0.28978734090378905,-1.3217753924012408,-0.7853663186803425,-0.6672890550422858,-0.8215925349722036,-0.2902807723964287,-1.1559297282216525,-0.030173143804164713,-0.28215150765879043,-0.13381678152369667,-0.11526861667043528,-0.8654880243436139,-0.02749076187221942,-0.027158822909198594,-0.3686837197189427,0.5387804610699549,-0.2921025245920789,-0.40387012189886384,0.03300398030223728,-0.4160483146926542,-0.43795634505852177,-1.8445716470706044,-0.7900927527419082,-0.7944748169641609,-0.9901091065372534,-0.5173925271171526,-1.1301320132505022,1,0
244,1.34482830883397,0.941973744300739,1.3709212314466368,1.2766571023907822,0.2969931510242533,0.7553185571086122,1.2243403804995932,0.8363702137188092,0.41562735879776125,-0.3998016950507342,0.2778948602476314,1.0814522043797041,0.4194524965908919,0.3273636506261967,1.1045216314930766,0.26825851142933305,0.1242974523509463,0.4882771176569257,0.09339573892045491,-0.000928088186363649,0.9321028518641471,0.6887631454458384,0.9416438652404304,0.7847661980535372,0.41517291594056704,0.0864980725886672,0.16599005777131842,0.43222949756628315,-0.14967181969693416,-0.4977752513442453,0,1
245,-1.1279290816557868,0.09959344541292814,-1.1374372534260513,-0.989281027705949,0.6095528608010662,-0.9321818385891042,-0.6512390110758062,-0.6375997261141059,-0.41424512714272615,0.18285388217379145,-0.24609580735832523,2.564028052367866,-0.2767141447453455,-0.4764202371063104,2.813604940518996,-0.6751058372556188,-0.4464477025815849,-0.17307309379619026,1.487925572835152,-0.13232815287525382,-1.1141087660831153,0.5213019743948472,-1.1200797393402577,-0.9593761412210762,0.6384848073821872,-1.029058534745525,-0.8759244347359167,-0.8961219741075043,-0.2026121550064595,-0.43224098522248344,1,0
246,-0.3739044065288656,-0.46276483104239596,-0.43736477472080126,-0.4239747940992885,-1.9236345544831037,-1.1862991320197,-0.7105283525937718,-1.1355967914118497,-1.2751087017697873,-0.8831409807028975,-0.9643481069835508,0.7135537532122713,-1.0296733278748023,-0.6852008866222022,-0.26431875726451515,-0.5825893979151332,-0.10845520595324683,-1.0963241988458805,-0.14875517797636098,-0.5748322267632896,-0.619154923393807,0.2646325159615522,-0.697429295267272,-0.6168074624757568,-1.1394214052491785,-0.7521799123278728,-0.3648052041120336,-1.1595843167597852,-0.3685872603011884,-0.7012249133341932,1,0
247,-0.45984104229700706,-1.2310897190389707,-0.4043918032941321,-0.5054853545114307,-0.8006002484245553,0.383011257818451,0.41584935980006277,-0.40697513098894206,-0.8997721832323887,0.14180314832388108,-0.8285368775187522,-1.4111055607934795,-0.3335066865385649,-0.6249008853645067,-0.5035274708666697,1.4512556046355427,1.3056007169259367,0.1948611787727969,-0.9011526697628952,1.2171403777985652,-0.5286145863164943,-1.319205849492682,-0.21340769082204453,-0.5530057657817239,-0.48236910927671683,1.7414510003589077,2.119408137926517,0.4277539198315329,-0.551732204074682,1.539655738680091,1,0
248,-1.0808025394603542,1.3400215778411326,-1.085565139840194,-0.9634970749225161,-0.14858615616920312,-0.7103780088704845,-0.94493086037288,-1.0063456446933514,0.13670756061859352,0.035865770646695265,-0.6662510539557525,0.5158769734805166,-0.7438786014315047,-0.6186331432982947,0.027767671976010287,-0.8525554012365504,-0.6647229228094408,-0.9625016912701562,0.06312687430835269,-0.4501879494620032,-0.9591841893063805,1.418080021238005,-0.9956004989625975,-0.8684028324578866,0.5697734561693811,-0.8153679796845983,-0.9015490335854578,-0.9856335288025035,0.5499990983127421,-0.23710537191962416,1,0
249,-0.8396255294013759,-1.041322728630178,-0.8499290269618042,-0.7990897200776168,0.19522952458529103,-0.6095740514211674,-0.7114865641738601,-0.6733338666774555,0.08849920043947766,-0.17733320192864252,-0.6439023706261021,-0.31692797816715457,-0.6573157756337753,-0.5758395940186398,-0.13810468600864145,-0.7549834187627048,-0.37962875761387394,-0.37023618500404415,-0.4568489784923985,-0.3944527035142734,-0.8787038896821027,-0.7730007214852432,-0.9116493833590595,-0.8063208580467117,0.09738291658133663,-0.7096715761060755,-0.5908507725347715,-0.46765999896744176,-0.5159617072439215,-0.40240822228645673,1,0
250,1.771739338133772,0.9558591338428454,1.7649884509360945,1.856102923007712,0.15161654182573547,0.8396145494007241,2.0184582274977987,1.9043394926830297,1.1972914845591327,-0.534871851589147,1.92722768997583,-0.7144779462943506,1.4888926989067566,2.0021475565254168,-0.5721426018736033,0.5999021409777404,1.684241405076299,0.9617790296127953,0.32581737790623766,0.3547641177709659,1.7228217956726763,0.13629778674490475,1.532196540520493,1.8045615117883484,-0.6670308656611346,0.20368321568659453,1.7826276959039764,1.239325349066192,0.14507707418853283,-0.3828457547874234,0,1
251,-0.8451698284831913,-0.22671320882658097,-0.8736534820127002,-0.7960400052322647,-0.37537366651889054,-0.9286695055769328,-0.9139087604675202,-0.8912867807517861,-0.08023006018742591,-0.48720003163441317,-0.17458002070344406,-0.6740274200714638,-0.2002274150722193,-0.3949395902455534,-0.22686370868733566,-0.8373887718364706,-0.6190633104148383,-0.5076293627355011,0.20798501209484072,-0.8413480392042515,-0.8143196499826804,-0.5742383969667773,-0.8468043837204642,-0.7769136070098395,-0.7872757302835457,-1.0158464842982096,-1.04545861105297,-0.9247656716099041,-0.4072193968784095,-1.0489477731295136,1,0
252,1.436309243683928,0.09033651905152382,1.4352587366694052,1.418052972493478,0.5514022171216595,1.2663630103795411,1.6651177073402261,1.05280252606704,-0.4280189443367586,0.5231777079617533,1.1092658801106257,-0.7891558408596802,0.4551768373963042,1.0276217297478218,0.4347372334070441,1.1807840470007895,0.9275168533169722,1.1278928151186245,-0.6838654630831631,1.117154724462032,1.6624615709544686,-0.0843753452007939,1.3729789074792997,1.6721428960082805,1.475904400288266,1.8023413198117528,2.4680857151292015,1.8390527655226858,-0.3943420180193363,2.1216391467763374,0,1
253,0.7626769052433328,-0.5437629367046858,0.7235250851425287,0.6478613506399703,0.15888537228566157,-0.1526195265376771,0.28649079648813786,0.7012900937169275,-0.15254260045609971,-0.9122737595641235,-0.4613308191177274,-0.6485856863837656,-0.42510756039859604,-0.2514299098329734,-0.737700211550884,-0.6159559825953083,-0.3164291721652473,0.027194927981865912,-0.7627807172504291,-0.5369998173927094,0.5699415035548977,-0.16262822886948136,0.5363626174992112,0.44942035289622145,0.2133333217529478,-0.23690994488257397,0.12938348798625965,0.8693442563268622,0.16224691266729838,-0.25373346929380297,0,1
254,1.3586890565385092,-0.02306082887568192,1.266372785459638,1.3154716549679928,0.35514379470366,0.10553694985691589,0.42183818217561486,0.7616072955188936,-0.2799504095009041,-0.8672503740513192,0.5240742027711649,-1.0560194934975493,0.3095314479588545,0.5562443005613205,-0.7716930287469795,-0.4658063515345202,-0.20033125528384946,0.03495725440737219,-0.7941306127415345,-0.4734954159492355,1.74696588555996,-0.24401122788491625,1.4685094873040152,1.7392120650397436,0.5611845372677801,0.19736440895092203,0.5590531008383868,1.0811882691050267,0.5070745021158294,0.1556111631234726,0,1
255,-0.16322104141987237,-0.5507056314757386,-0.1438249071419194,-0.2554087371925454,0.7985424527591395,0.2653481019107117,-0.057387384316062204,-0.08612816678184605,0.17458555790218386,-0.2276534563253059,-0.06352425584995063,-0.7346116923781405,-0.2556459437575382,-0.20582668307536142,-0.2359914096011022,-0.021424110112187474,-0.09731871512529507,0.15139215078996288,-0.04065209007599676,-0.42451595738910947,-0.12621308819510535,-0.6352756462283535,-0.12366684310791759,-0.23158967111555825,0.6256014290297862,0.25538254352391554,0.05205210931532313,0.14877624103211895,0.062089521541168764,-0.3300270925400331,0,1
256,1.3864105519475878,2.1615737924157834,1.5518704648856734,1.4208254405347074,-0.4371587254282608,1.6421826426818737,0.9069327945953332,1.483639681795368,0.12293374342456015,-0.09258329978689314,1.3722926916057419,-0.022243149122593966,1.8488841331766794,1.3213410907127257,-0.234417668064246,1.0331621875066814,0.10982001427460894,0.4261785062528774,-0.17686198083045562,0.4392114601160107,1.6161853986705088,1.5871062499623707,1.9172137258746507,1.6601048400282743,-0.36641870410510685,1.442743772854387,0.5288526807657133,0.9946604328998608,-0.295615446766437,0.6935790193468936,0,1
257,0.21379129614358824,-0.499792536488014,0.3294578656530715,0.05205796857978716,2.535792932681426,2.0302954405268054,1.702248406068649,1.7320046303916985,1.8618781641712245,1.713648989609136,0.7417159958122218,-0.27849082655264684,0.43044460145409563,0.30683139213343313,0.9597374101022987,0.9436790740462117,0.42164175745726024,1.370077399594414,-0.23307558653864494,1.590397630963664,0.14339591554622522,-0.5429372434993023,0.21503248536153,-0.05480222043775289,1.712099670082287,0.9682588307029744,0.6103022985374693,1.4243158954358566,0.33394529745494833,1.6032337580519496,0,1
258,0.3080443805344534,0.872546796590205,0.6109344510026838,0.21896054466179293,0.8930372487381757,3.4879136405779088,2.5742209439490313,2.074140018764194,2.1958932311265236,2.3863513378592702,2.917446274428032,2.2748342449825207,3.205493075043742,2.0151152987313723,1.6553311693927741,1.6549939929099458,1.3262032249576476,2.7626387603302,0.2566314016500045,0.7060650619263529,0.5699415035548977,0.8624845471903244,0.9069054725768969,0.45629924202765354,0.5912457534233831,1.3525571676270602,1.411986176830256,1.771919099501437,0.3611308750463265,0.7620476555935106,0,1
259,0.27200643650265177,3.2700907241939743,0.34956333603518663,0.13966795868263404,0.5586710475815855,0.897568044101551,0.8674065669166895,0.7129480402836941,0.8047376945291931,0.46093949857640654,-0.6930694739513329,0.12235375457007852,-0.5579288274956413,-0.48074281784162903,-0.5526282068165856,-0.08360729065251397,-0.1613535373860181,-0.3453967404424247,-1.194436347236583,-0.20022381612066992,0.2963084848323526,3.663937782529335,0.4031987789556675,0.12783228600176993,2.2188458852767345,1.5777364622073915,1.1932619223645302,1.1035661577787765,0.6973735452554759,1.6668117774238083,0,1
260,1.5970939170565799,1.7658401904657404,1.5237228063507124,1.645395351874283,0.10073472860625486,-0.07007970075165086,0.5895252086910732,0.9496550423132578,-0.14909914615759087,-0.9665666656236817,-0.1573887258344822,-0.32607968093251377,-0.24465383889433445,0.15294751795608844,-0.6476821956427049,-0.5780394090951093,-0.37628781036548836,-0.6613234259605213,-0.8838561756988369,-0.6957608210013939,1.4713208593468083,2.039407917567383,1.4453505588616602,1.5190876128339157,0.6685460235377902,0.0732860221413517,0.31699215813468595,0.6306467771401976,0.1808475710192934,-0.3094865016660478,0,1
261,0.7765376529478719,0.840147554325289,0.6431032036140679,0.661446444041994,-0.8718347869318286,-0.8761601270449715,-0.8836053192472267,-0.6966497598109885,-1.009962720784652,-1.3174842291793618,-0.1470739489131051,0.19373703613987875,-0.24923388258733611,-0.01844280819929708,-0.43270910170813703,-0.8166610449896952,-0.6187848981441395,-0.7411201416147235,-0.7444031923073672,-0.8018266829867705,0.5699415035548977,0.8358785667429705,0.4582012340062613,0.4425414637647893,-0.5424915415879229,-0.7648175257992178,-0.8621969710665197,-0.672492273294498,-0.8192955203687713,-1.03525404588019,0,1
262,0.7599047557024244,0.6249240164226342,0.7798204022124513,0.7022017242480649,-0.6268752004323265,0.2548111028741974,-0.06840681748707808,0.4868852503368302,0.8632764176038326,-1.109582125487883,1.3454742716101613,0.7721246509105691,1.3853837114449212,0.987205599872592,-0.12079352910322255,1.6479162325232417,0.32558952406617564,1.4042316358666402,0.6998540620414977,0.6371560305727964,0.6785899080476725,0.17385917090587447,0.7390032413698209,0.5749600795448576,-0.9977042433727654,0.028479938015673688,-0.3648052041120336,0.37852256474928336,0.06065870166793771,-0.5613532707161039,0,1
263,0.2941836328299142,-0.011489670923926117,0.2007828552075343,0.177650770847476,-1.4693326507377367,-0.9945257495551453,-0.725739961427674,-0.6941154236008219,-1.0685014438592924,-1.1373906871281447,-0.7346724075342206,-0.3886773278475693,-0.726932439767399,-0.49889765692996746,-1.3454791930847794,-0.9154969132468805,-0.6006881005487178,-1.128770723304496,-1.1746534821508163,-0.8805316060523525,0.17961205037715017,0.8671797202104459,0.10213270920504774,0.048037172077157395,-1.2124272159127856,-0.5804232565127732,-0.3821933247599365,-0.6228133604387736,-0.4887761296525441,-0.881688676012777,0,1
264,0.7321832602933471,0.6110386268805277,0.6672297680726059,0.648138597444093,-0.09843122599571481,-0.40111708714879873,-0.14458463810410055,0.23852030174049985,0.03340393166334608,-0.9559729278559626,-0.07968407302677469,-0.8654810419227745,-0.13839682521669833,0.003386224514062325,-0.8207937646968957,-0.7661056136560965,-0.3954982570437052,-0.39895679277841645,-1.0330384370013392,-0.802840051094911,0.9180187994298985,0.500956224640988,0.8142697588074757,0.8174409214278398,0.8231465637666043,-0.1438511547753963,0.36320795248832266,1.058810380431277,0.2738508627792709,-0.5192939655931819,0,1
265,1.713524197774708,2.7054182161482987,1.6363134404905568,2.008588665275325,-0.2852401688158102,0.026509457083060847,0.4074650084742898,0.77554614467481,-0.30405458959046205,-0.831496509085269,2.5048551975729474,0.7428392020614202,2.1195647154330715,3.3378250037388857,-0.8025383628693626,-0.6285948404287081,-0.36904909132731967,-0.4913284772419385,-0.7919685509835274,-0.5582805476636608,3.1131189716820757,3.2914540562663825,2.941996309448877,4.250006598012466,0.14891642999094173,-0.09961950762568815,0.15866874381430673,0.5739561258333649,-0.22407445310491583,-0.20238199210883964,0,1
266,-1.0946632871648934,-0.11100162930902456,-1.0344972450696215,-0.9651605557472538,-0.12605278174343357,0.03353412310740347,-0.4648668587486256,-0.746069315909238,0.22279391808129972,0.25038896044299735,0.02415134798175481,-0.025903830228737577,0.1414438444256972,-0.3925621708411281,0.11621194634733319,0.43458588051687286,-0.03189183151107803,0.1870988523472909,1.518194437447254,-0.21407318026525723,-1.0336284664588373,-0.49911562864483716,-0.9869159007967143,-0.9215422509981995,-0.6584419467595335,-0.1737218775258483,-0.5396015748356893,-0.7185907239624227,-0.1210554222323257,-0.5109799169060925,1,0
267,-0.26579057443346127,0.5578113003024516,-0.3155256242051833,-0.3701889140994396,-1.3850142174025957,-0.5303709419967039,-0.7421493347366868,-0.8727861264175697,-0.7654774655905667,-0.5865163232067746,-0.3626527865698864,1.2901110274298897,-0.24282182141713382,-0.3999105580911698,-0.5239861108458014,-0.15944043765291194,-0.10288696053927095,-0.392125945523971,-0.07524507820411337,-0.3184500954037329,-0.4461222792016095,0.6120753194505243,-0.4258908592806553,-0.514483986645704,-1.5516895125260168,-0.6246549036624811,-0.7514620974667168,-0.9777266748044452,-0.8278804396081536,-0.7863216469549891,1,0
268,-0.46538534137882304,-0.7451010850652333,-0.5077339210582044,-0.5054853545114307,-0.31722302283948384,-0.8886289092381796,-0.7627508837085858,-1.0063456446933514,0.5258178963500254,-0.70569587309361,-0.7185125903573966,0.014363661938842158,-0.7214363873357971,-0.5840524974157454,-0.4981767496413582,-0.274706821093517,-0.24487721859565678,-0.9493057363467959,0.5333753066749369,-0.6062466381156463,-0.6272029533562345,-0.38956159150867486,-0.6687701213198575,-0.624546212748618,-0.4737801903751169,-0.579848819536803,-0.5048253335398835,-1.0387437179215364,0.8290089735926746,-0.767737302830907,1,0
269,-1.0641696422149074,0.2222477197015382,-1.0256508381014908,-0.9693192578090978,0.6967788263201773,0.2829097669715679,-0.21800760042836898,-0.6890467511804886,-0.6518434737397947,0.7416735494209502,-0.4252290998929077,0.5085556112682295,-0.4081613987344903,-0.5300202382242619,0.5669315225029716,1.043273273773401,1.077581067223623,0.7770356606857511,0.6793144753404282,1.235718793114475,-1.0718566087803696,-0.1438475367889962,-1.0381550299754256,-0.9463062518713553,-0.1345178937618845,-0.15361658336689016,-0.25681582324611024,-0.6180394108550404,-0.6003800797645166,0.03383480294198959,1,0
270,-0.07174010656991546,-0.6039329580538146,-0.18926327020550004,-0.17168020234741954,-2.4949646286332787,-1.5110143189949399,-1.1430411045561426,-1.2572449294998485,-1.2027961615011145,-1.226113240932788,-1.0771230013239401,-0.8993423421546028,-1.0430012550214367,-0.7455008878798978,-1.1358568203755228,-1.1882434652916456,-0.8313248255956002,-1.3718867869513456,-0.609274332431912,-0.8683711887546658,-0.4239901968049332,-0.8575138358474261,-0.5191055462611357,-0.47475840191168356,-2.1885578490797166,-1.3291444109923745,-1.23942767270155,-1.4038016751526412,-0.8107106011293889,-1.2284334124331455,1,0
271,-0.9033849688422554,-1.4787124992065415,-0.9158749698151419,-0.8498258852321137,-0.01992785702851544,-0.6446973815428808,-0.8388089278780972,-0.7174313167343549,-0.30405458959046205,-0.04226304539022886,-0.8701398111016398,-1.2480222175147817,-0.8963940564084568,-0.6936299190560736,-0.1979068644091801,-0.8085721759763194,-0.6087620563989828,-0.5582397310298008,-0.44063351530734385,-0.38330565432472746,-0.9451001368721319,-1.557094615845492,-0.987205387402244,-0.8653073323487421,-0.03574532639347544,-0.752754349303843,-0.8329117152384726,-0.5956615221812906,-0.41723513599102297,-0.29823808285410386,1,0
272,1.9962834509473035,0.3611016151226054,2.1027603533556296,2.208206364243837,-0.33466821594330626,1.4630536590611356,1.3992139938657138,1.3417168540260362,-0.46934039591885773,-0.1429035541835565,2.4876639027039857,0.2577989554973922,2.6316136003106467,2.4106314360130314,-0.444984285695616,1.1317452786071989,0.7963846738178393,0.4913820482271283,-0.18983435137849916,0.22370184245145597,2.2479557507210894,0.3209745922030071,2.4180255534405863,2.4477376455772517,-0.4050688391623098,1.095783839368366,1.2408504630851065,0.8454745084081959,-0.27415314866798063,0.11061748787569607,0,1
273,-1.3325137177747823,-0.8700695909441944,-1.3473383642153336,-1.1218050000767108,-0.5992536446846077,-1.1573223846692866,-1.097765607396969,-1.0590598378648175,0.7703031515441106,0.013354077890292679,-0.6019556111458352,0.3621283670224849,-0.6280034959985653,-0.624036369217443,2.1085687320073827,-0.8363776632097987,-0.7332958650825542,-0.46152114376799536,-0.326044242132958,0.10446219506025244,-1.2609853128974222,-0.8215175093598298,-1.281902751831216,-1.0412349218851187,0.43235075374376797,-1.0801834256068756,-1.2313284691366058,-1.1313881770308605,-0.26270658968213695,-0.2234116446703006,1,0
274,0.9373223263205238,1.1687684401551497,0.8119891548238355,0.8438748411548838,-0.731546359055259,-0.7467306555464579,-0.5472730546362221,-0.21335184453221107,-1.0994925325458669,-1.0486681333235006,-0.07658963995036151,0.40605654029620825,-0.16312906115890669,0.011815256947933749,-0.5214681243868312,-0.784811123249528,-0.5141018843613924,-0.6090053458526103,-0.735754945275338,-0.40559975270381937,0.7852263050498408,1.3398271375693174,0.6579469918215767,0.6179531366163084,-0.2204070827778926,-0.5809976934887433,-0.4645581067763188,-0.20628625925804417,-0.7448928869607891,-0.33442864772731595,0,1
275,-0.7370559963877871,-0.4789644521748539,-0.7562375349811475,-0.7178564064695975,1.736221582089578,-0.7145928084850902,-0.5197244717086825,0.4607815873721138,0.5430351678425666,-0.5653288476713382,0.6798273342839591,1.9801494159379605,0.4121244266820894,0.07730235508801166,2.22817308880846,-0.6230337429820121,-0.6129382404594648,1.0331924327274509,0.6252629313902465,-0.32081462098939423,-0.9290040769472763,-1.1173134096274686,-0.9527564813442404,-0.8396834703341575,-0.03145086694267551,-1.137742010599093,-1.08902042909719,-0.5664210809809241,-1.1512457309582291,-1.2709817792435432,1,0
276,-0.892296370678624,-1.2195185610872148,-0.9335677837514031,-0.8259826600775413,-0.350659642955143,-1.3008011882164856,-1.2120682712567559,-1.331171516750409,0.3329844556335629,-0.6368365776034389,-0.7081978134360194,0.12601443567622214,-0.7127343043190942,-0.6089073366438277,0.4171113281942536,-0.9209063443995757,-0.9242866827819279,-1.414579582291629,0.2793330501090811,-0.7852750038871417,-0.9692442267594155,-1.1173134096274686,-1.0132591818998935,-0.8644474712073131,-0.46089681202271476,-1.1963345821480569,-1.3936557270272258,-1.7352927993731213,-0.38146463916026235,-1.098343003564573,1,0
277,1.1812714859204099,0.1273642244971419,1.0411915171799484,1.1297162962056277,-0.682118311927763,-0.9474604871920494,-0.2692719199630948,0.06517170496510218,-1.0581710809637679,-1.7293157848994243,-0.39600389861567253,-0.7012994943122336,-0.34724681761756954,-0.18421377939876804,0.14800152539182987,-0.8126166104830073,-0.23541120139189772,0.3392404502872096,-0.1833481661044772,-0.7687233247875128,0.592073585951574,-0.2862677850660074,0.481360162448617,0.47349646485623387,-0.529608163235522,-0.9520839799655139,-0.40507243087559824,0.02942750143878664,-0.654751234947273,-1.415744038736391,0,1
278,-0.26579057443346127,-0.36788133583799965,-0.3525196897082753,-0.3388600252335483,-1.3908292817705372,-1.2691901911069434,-0.990685463322098,-1.1018901198166335,-0.9789716320980782,-1.0354259611138528,-0.6377135044732758,-0.08264438737396378,-0.6586897887416757,-0.4980331407829037,-1.05748449184008,-1.1091747706858972,-0.6691775191406215,-1.1489527720108117,-0.816832261200611,-0.9545074779466117,-0.3052817548591235,-0.004557403858732452,-0.389705033589475,-0.38103353749592095,-1.3584388372399991,-1.1805950090064723,-0.931291871535818,-1.127509342994077,-0.9867014455367304,-1.1584975911241004,1,0
279,-0.1937146863698585,-0.9834669388713998,-0.24193960260664188,-0.29699575781098536,-0.2510766656541587,-0.6306480494941953,-0.6934003205996928,-0.4751487750424247,0.8701633262008492,-0.5944616265325642,-0.6724399201085787,-0.5338233337061635,-0.5913631464545528,-0.5587654001141311,-0.9019988279986796,-0.5967449186885408,-0.5600399090266935,-0.3127949694552992,-0.6179225794639411,-0.7967598424460679,-0.40990614437068457,-0.6869225494496876,-0.4053373102880647,-0.4998663472414108,-0.7786868113819452,-0.6281015255183025,-0.7500893510997771,-0.41022341803815054,-0.09959312413386935,-0.8410965559522826,1,0
280,1.2782967198521833,1.659385537309589,1.254309503230369,1.2295251456898835,0.24611133780477165,0.5709210739696176,1.07102652768546,1.0335415708697737,0.15392483211113475,-0.10847390643847138,0.662292213517618,-0.3846505786308116,0.5495257374721362,0.5270668805979196,0.09166157837237525,-0.1377016021794645,0.14462154811195843,0.07532135182000366,-0.7184584512112797,-0.17083614098459432,1.3485884024197847,1.529199116047541,1.3729789074792997,1.3127209388909522,1.7851054807458941,0.5879815526106804,1.216598610602505,0.891722145000612,0.33394529745494833,0.5321886624798668,0,1
281,-0.7786382395014041,-1.2519178033521308,-0.8350509788790393,-0.740867891211801,-1.4889584929795359,-1.2186125957316762,-0.9609809043393597,-0.7154038477662217,0.8391722375142756,-0.25016514908170845,0.40717339766222427,0.10405034903936046,0.272891098414842,-0.16065571439128137,0.2937299917047213,-0.6467947957088035,-0.5441704095968622,0.9338346544809735,0.8879534349881311,-0.6575906222614337,-0.7459113953020443,-1.2315626197837517,-0.8010655000468123,-0.7342644943949602,-1.4185612695512049,-1.1301594425162858,-1.1081473618098832,-0.6642870474474565,0.10930657735777224,-0.9506463739468703,1,0
282,1.34482830883397,-0.2891974617660613,1.2945204439945994,1.248932421978489,0.3696814556235122,0.5516032424026749,0.7176860075278875,0.982854846666441,0.12293374342456015,-0.5428171549149357,0.094291831047119,-0.3954495878939351,-0.09992445819548518,0.17067009897089483,-0.45537097983886743,-0.2640901805134614,-0.1140234513672228,0.3951292005508531,-0.5152246459585951,-0.6711021970366408,1.3626724548540334,0.3945323028515731,1.1587588193875122,1.1476275997365815,0.6513681857345881,0.535133350821419,0.5585955187160736,1.45862865806894,0.8089774953674485,-0.41316757941092574,0,1
283,0.46882905390710533,-0.1526577979353448,0.5546391339327611,0.3065705347646398,0.5804775389613628,1.1838231845935148,1.1033661685134413,0.8784401948075755,0.06439502034991974,0.5059628840892099,-0.5369725165411595,-0.5378500829229215,-0.30098837631825376,-0.3711653962013007,-0.7987613831809076,0.3840304491832741,0.11232572471089809,-0.05508573212849816,-0.7692669025244508,0.04366010857182017,0.3083805297759947,-0.16262822886948136,0.4205679752874343,0.1209533968703378,-0.005684110237872366,1.084869536824932,0.8834788255584705,0.6828618507122804,-0.36429480068149683,0.9772347980828789,0,1
